año,trimestre,provincia,accesos por cada 100 hogares,banda ancha fija,dial up,total,adsl,cablemodem,fibra óptica,wireless,otros,total_fijo_xtipo_tecnologia_provincia,mbps (media de bajada),total_internet_fijo_provincias,suma_mb,count_suma_mb
2022,3,buenos aires,"78,11",4715469.0,6199,4721668.0,339648,2748325,1436433,126846,70416,4721668.0,"70,19",4721668.0,3532.0,30.0
2022,3,capital federal,"122,28",1545534.0,2145,1547679.0,140791,1240125,129218,5758,31787,1547679.0,"101,05",1547679.0,2032.0,17.0
2022,3,catamarca,"65,33",70292.0,1,70293.0,10010,10495,46224,1329,2235,70293.0,"60,99",70293.0,3118.0,10.0
2022,3,chaco,"43,86",144141.0,5,144146.0,27164,61800,44645,8178,2359,144146.0,"53,21",144146.0,3818.0,14.0
2022,3,chubut,"84,38",164874.0,904,165778.0,45377,72212,9574,29784,8831,165778.0,"15,57",165778.0,2902.0,10.0
2022,3,córdoba,"88,31",1038600.0,68,1038668.0,163770,465461,338570,61070,9797,1038668.0,"56,32",1038668.0,1230.0,21.0
2022,3,corrientes,"48,21",144842.0,4,144846.0,36508,77140,18619,7256,5323,144846.0,"45,07",144846.0,977.0,7.0
2022,3,entre ríos,"63,67",268937.0,22,268959.0,60345,132952,36971,26098,12593,268959.0,"42,49",268959.0,1226.0,8.0
2022,3,formosa,"43,76",68537.0,1,68538.0,14470,25880,11041,16935,212,68538.0,"30,35",68538.0,2172.0,12.0
2022,3,jujuy,"58,91",118823.0,- 0,118823.0,19257,52978,40172,4033,2383,118823.0,"32,43",118823.0,2131.0,10.0
2022,3,la pampa,"96,59",115921.0,171,116092.0,7796,60078,23551,20216,4451,116092.0,"18,1",116092.0,686.0,10.0
2022,3,la rioja,"80,66",86860.0,4,86864.0,6842,53899,19697,6395,31,86864.0,"44,3",86864.0,3113.0,13.0
2022,3,mendoza,"51,03",288746.0,777,289523.0,37659,78858,142615,27625,2766,289523.0,"34,16",289523.0,1934.0,12.0
2022,3,misiones,"51,82",182157.0,- 0,182157.0,35513,88902,39046,11074,7622,182157.0,"49,3",182157.0,2825.0,16.0
2022,3,neuquén,"80,37",162693.0,468,163161.0,29352,75815,29396,27482,1116,163161.0,"47,81",163161.0,3017.0,10.0
2022,3,río negro,"67,98",160010.0,548,160558.0,35552,48260,41017,16760,18969,160558.0,"34,13",160558.0,2131.0,10.0
2022,3,salta,"57,76",204536.0,5,204541.0,40006,96984,50254,10082,7215,204541.0,"41,33",204541.0,1829.0,9.0
2022,3,san juan,"50,8",103118.0,281,103399.0,38570,22723,12328,21860,7918,103399.0,"15,84",103399.0,3907.0,10.0
2022,3,san luis,"81,74",121888.0,182,122070.0,6860,29363,248,70614,14985,122070.0,"19,33",122070.0,1566.0,12.0
2022,3,santa cruz,"43,19",49312.0,198,49510.0,10170,24047,10815,3896,582,49510.0,"12,6",49510.0,3735.0,14.0
2022,3,santa fe,"78,55",887700.0,110,887810.0,183740,426255,215189,43079,19547,887810.0,"45,15",887810.0,2186.0,14.0
2022,3,santiago del estero,"47,98",119030.0,2,119032.0,15385,80937,13170,6618,2922,119032.0,"17,69",119032.0,4151.0,12.0
2022,3,tierra del fuego,"99,51",53584.0,312,53896.0,12754,39963,403,125,651,53896.0,"11,01",53896.0,2631.0,16.0
2022,3,tucumán,"61,14",263087.0,30,263117.0,77738,18518,162345,3997,519,263117.0,"53,36",263117.0,1093.0,13.0
2022,2,buenos aires,"77,58",4660984.0,6199,4667183.0,350652,2719613,1399043,126847,71028,4667183.0,"65,5",4667183.0,3521.0,30.0
2022,2,capital federal,"121,31",1534626.0,2145,1536771.0,145491,1232226,121506,5757,31791,1536771.0,"93,97",1536771.0,2039.0,17.0
2022,2,catamarca,"62,4",67007.0,1,67008.0,11928,9430,42087,1329,2234,67008.0,"56,56",67008.0,2569.0,10.0
2022,2,chaco,"43,79",143559.0,5,143564.0,29552,61284,42194,8178,2356,143564.0,"50,61",143564.0,3911.0,14.0
2022,2,chubut,"83,19",161901.0,904,162805.0,45377,69242,9574,29784,8828,162805.0,"14,91",162805.0,2472.0,10.0
2022,2,córdoba,"87,48",1026367.0,68,1026435.0,179181,467595,308895,61107,9657,1026435.0,"53,51",1026435.0,1205.0,21.0
2022,2,corrientes,"48,35",144993.0,4,144997.0,38468,75769,18181,7256,5323,144997.0,"43,31",144997.0,1038.0,7.0
2022,2,entre ríos,"63,9",269330.0,22,269352.0,63794,131029,35839,26098,12592,269352.0,"40,03",269352.0,1333.0,8.0
2022,2,formosa,"43,42",67881.0,- 0,67881.0,15397,25487,9875,16910,212,67881.0,"28,47",67881.0,2293.0,12.0
2022,2,jujuy,"57,32",115314.0,- 0,115314.0,20303,54495,34184,3955,2377,115314.0,"29,39",115314.0,2141.0,10.0
2022,2,la pampa,"92,98",111356.0,171,111527.0,7796,59273,22994,20200,1264,111527.0,"16,07",111527.0,677.0,10.0
2022,2,la rioja,"80,14",86026.0,4,86030.0,7759,52656,19189,6395,31,86030.0,"43,28",86030.0,3383.0,13.0
2022,2,mendoza,"49,39",278785.0,777,279562.0,37663,77504,135504,26964,1927,279562.0,"29,72",279562.0,1981.0,12.0
2022,2,misiones,"51,0",178813.0,- 0,178813.0,37208,89260,33649,11074,7622,178813.0,"46,23",178813.0,3009.0,16.0
2022,2,neuquén,"80,02",161500.0,468,161968.0,29749,74905,28824,27371,1119,161968.0,"46,53",161968.0,2236.0,9.0
2022,2,río negro,"67,85",159216.0,548,159764.0,36050,47040,40946,16760,18968,159764.0,"33,26",159764.0,2236.0,10.0
2022,2,salta,"57,54",203172.0,5,203177.0,42665,96178,47076,10068,7190,203177.0,"38,77",203177.0,1003.0,8.0
2022,2,san juan,"49,46",100126.0,281,100407.0,38570,19734,12328,21859,7916,100407.0,"14,44",100407.0,3591.0,10.0
2022,2,san luis,"81,76",121559.0,182,121741.0,6860,29034,248,70614,14985,121741.0,"19,32",121741.0,888.0,11.0
2022,2,santa cruz,"43,15",48987.0,198,49185.0,10170,23725,10815,3896,579,49185.0,"11,81",49185.0,3652.0,14.0
2022,2,santa fe,"77,9",878749.0,110,878859.0,198492,428233,189503,43081,19550,878859.0,"42,01",878859.0,2202.0,14.0
2022,2,santiago del estero,"47,7",118042.0,2,118044.0,16561,80338,11605,6618,2922,118044.0,"16,34",118044.0,4174.0,12.0
2022,2,tierra del fuego,"99,86",53458.0,312,53770.0,12754,39837,403,125,651,53770.0,"10,97",53770.0,2603.0,16.0
2022,2,tucumán,"59,31",254497.0,30,254527.0,85893,15327,148823,3997,487,254527.0,"50,09",254527.0,1079.0,13.0
2022,1,buenos aires,"76,08",4549131.0,6293,4555424.0,392045,2728865,1242121,125521,66872,4555424.0,"62,51",4555424.0,3010.0,30.0
2022,1,capital federal,"111,8",1415378.0,2163,1417541.0,102290,1217225,62308,5784,29934,1417541.0,"88,22",1417541.0,2062.0,17.0
2022,1,catamarca,"58,21",62377.0,1,62378.0,14181,15517,29118,1328,2234,62378.0,"51,22",62378.0,2723.0,10.0
2022,1,chaco,"44,06",144114.0,5,144119.0,32391,64546,36662,8164,2356,144119.0,"45,84",144119.0,2984.0,12.0
2022,1,chubut,"88,05",170701.0,927,171628.0,44133,66667,9184,30592,21052,171628.0,"13,4",171628.0,1810.0,9.0
2022,1,córdoba,"85,76",1003729.0,74,1003803.0,195610,501799,235838,60843,9713,1003803.0,"49,89",1003803.0,1215.0,21.0
2022,1,corrientes,"47,64",142574.0,4,142578.0,40462,79093,10875,6774,5374,142578.0,"38,11",142578.0,1089.0,7.0
2022,1,entre ríos,"63,7",267904.0,22,267926.0,67159,138986,23091,26098,12592,267926.0,"35,59",267926.0,1453.0,8.0
2022,1,formosa,"34,96",54548.0,0,54548.0,16397,15927,5146,16876,202,54548.0,"30,28",54548.0,2523.0,12.0
2022,1,jujuy,"58,06",116509.0,0,116509.0,21307,60616,25949,4662,3975,116509.0,"27,69",116509.0,2174.0,10.0
2022,1,la pampa,"91,66",109560.0,172,109732.0,8003,58978,21739,19903,1109,109732.0,"14,84",109732.0,1271.0,10.0
2022,1,la rioja,"78,77",84299.0,4,84303.0,9103,59228,9546,6395,31,84303.0,"41,37",84303.0,3686.0,12.0
2022,1,mendoza,"48,74",274399.0,786,275185.0,49464,74145,123228,26969,1379,275185.0,"26,2",275185.0,1293.0,11.0
2022,1,misiones,"49,04",171508.0,0,171508.0,39147,91752,25178,7807,7624,171508.0,"41,87",171508.0,1140.0,14.0
2022,1,neuquén,"74,17",149208.0,471,149679.0,28443,73200,24193,23098,745,149679.0,"43,05",149679.0,3313.0,10.0
2022,1,río negro,"67,04",156821.0,553,157374.0,38662,45366,38037,16815,18494,157374.0,"31,09",157374.0,2482.0,10.0
2022,1,salta,"56,11",197510.0,5,197515.0,44714,98667,40994,5950,7190,197515.0,"36,71",197515.0,1234.0,9.0
2022,1,san juan,"43,55",87888.0,290,88178.0,34038,14449,11294,20723,7674,88178.0,"11,99",88178.0,4835.0,11.0
2022,1,san luis,"80,72",119659.0,185,119844.0,7987,11296,31,71809,28721,119844.0,"20,95",119844.0,3007.0,14.0
2022,1,santa cruz,"43,34",48898.0,204,49102.0,10537,23420,10766,3974,405,49102.0,"10,89",49102.0,3819.0,14.0
2022,1,santa fe,"77,3",870364.0,115,870479.0,213486,444609,146552,45261,20571,870479.0,"38,89",870479.0,2209.0,14.0
2022,1,santiago del estero,"47,17",116459.0,2,116461.0,18118,87979,1093,6349,2922,116461.0,"14,5",116461.0,3822.0,11.0
2022,1,tierra del fuego,"98,29",52298.0,313,52611.0,13031,38700,416,124,340,52611.0,"10,73",52611.0,2733.0,16.0
2022,1,tucumán,"57,39",245554.0,30,245584.0,92532,62396,86174,3995,487,245584.0,"47,24",245584.0,1429.0,13.0
2021,4,buenos aires,"75,66",4502772.0,6385,4509157.0,426325,2706506,1176024,126887,73415,4509157.0,"60,21",4509157.0,2810.0,29.0
2021,4,capital federal,"111,27",1409935.0,2184,1412119.0,111360,1205128,60005,5679,29947,1412119.0,"82,95",1412119.0,2068.0,17.0
2021,4,catamarca,"55,25",59089.0,1,59090.0,16385,13858,25100,1512,2235,59090.0,"46,38",59090.0,2648.0,11.0
2021,4,chaco,"44,05",143740.0,5,143745.0,35548,63145,34688,8005,2359,143745.0,"42,34",143745.0,2041.0,11.0
2021,4,chubut,"82,57",159364.0,944,160308.0,46361,57412,9655,28041,18839,160308.0,"9,08",160308.0,3409.0,10.0
2021,4,córdoba,"84,51",986693.0,77,986770.0,212011,487489,217214,61277,8779,986770.0,"46,36",986770.0,1807.0,21.0
2021,4,corrientes,"45,51",135908.0,4,135912.0,42523,71183,10138,6778,5290,135912.0,"35,77",135912.0,1152.0,7.0
2021,4,entre ríos,"63,16",265024.0,22,265046.0,70459,133387,23452,25022,12726,265046.0,"33,32",265046.0,1550.0,8.0
2021,4,formosa,"34,45",53663.0,- 0,53663.0,17211,15111,5151,16018,172,53663.0,"28,76",53663.0,2863.0,12.0
2021,4,jujuy,"56,92",113915.0,- 0,113915.0,22330,60511,24156,2927,3991,113915.0,"27,14",113915.0,2165.0,10.0
2021,4,la pampa,"89,57",106834.0,173,107007.0,8175,58000,20192,19286,1354,107007.0,"13,85",107007.0,1306.0,10.0
2021,4,la rioja,"77,92",83124.0,4,83128.0,10387,56651,9446,6613,31,83128.0,"39,7",83128.0,2844.0,11.0
2021,4,mendoza,"47,51",266783.0,804,267587.0,59842,71553,109667,24666,1859,267587.0,"22,23",267587.0,1317.0,11.0
2021,4,misiones,"49,06",171132.0,- 0,171132.0,41778,92068,22035,7649,7602,171132.0,"38,9",171132.0,2069.0,15.0
2021,4,neuquén,"73,3",146989.0,477,147466.0,29175,72761,23253,21531,746,147466.0,"40,09",147466.0,2570.0,9.0
2021,4,río negro,"65,69",153189.0,564,153753.0,42037,44495,32212,16558,18451,153753.0,"27,2",153753.0,2649.0,9.0
2021,4,salta,"56,81",199399.0,6,199405.0,46972,99808,39555,5882,7188,199405.0,"33,94",199405.0,1292.0,9.0
2021,4,san juan,"39,59",79667.0,291,79958.0,35868,13102,11072,11423,8493,79958.0,"11,05",79958.0,2822.0,12.0
2021,4,san luis,"80,3",118662.0,187,118849.0,8472,11064,30,70560,28723,118849.0,"20,91",118849.0,3027.0,14.0
2021,4,santa cruz,"43,05",48276.0,210,48486.0,10790,22902,10031,4346,417,48486.0,"8,99",48486.0,4082.0,16.0
2021,4,santa fe,"77,09",866265.0,176,866441.0,233427,444373,128856,43556,16229,866441.0,"36,02",866441.0,2085.0,12.0
2021,4,santiago del estero,"47,05",115859.0,2,115861.0,19032,86563,1088,6256,2922,115861.0,"13,84",115861.0,3796.0,11.0
2021,4,tierra del fuego,"98,4",52042.0,315,52357.0,13317,38148,426,124,342,52357.0,"10,7",52357.0,2261.0,15.0
2021,4,tucumán,"55,93",238609.0,30,238639.0,97830,59022,78790,2511,486,238639.0,"45,15",238639.0,1459.0,13.0
2021,3,buenos aires,"71,68",4246425.0,5184,4251609.0,585729,2595485,885613,120228,64554,4251609.0,"56,26",4251609.0,2709.0,29.0
2021,3,capital federal,"111,27",1411797.0,1608,1413405.0,142902,1192107,42966,6059,29371,1413405.0,"77,71",1413405.0,2069.0,18.0
2021,3,catamarca,"52,71",56253.0,1,56254.0,18413,11709,22331,1568,2233,56254.0,"43,43",56254.0,3458.0,12.0
2021,3,chaco,"42,96",139868.0,3,139871.0,38258,63659,27583,8018,2353,139871.0,"39,11",139871.0,2825.0,10.0
2021,3,chubut,"80,71",155266.0,800,156066.0,49269,55794,8946,23376,18681,156066.0,"8,18",156066.0,2601.0,12.0
2021,3,córdoba,"81,28",946726.0,62,946788.0,229275,477223,167495,57617,15178,946788.0,"41,93",946788.0,1581.0,20.0
2021,3,corrientes,"44,9",133816.0,3,133819.0,44805,69403,7542,6766,5303,133819.0,"32,17",133819.0,1498.0,8.0
2021,3,entre ríos,"62,18",260360.0,15,260375.0,74443,128752,20485,23500,13195,260375.0,"29,6",260375.0,612.0,7.0
2021,3,formosa,"33,96",52795.0,- 0,52795.0,18093,14111,4730,15690,171,52795.0,"26,69",52795.0,3214.0,12.0
2021,3,jujuy,"55,69",111158.0,- 0,111158.0,23554,60758,19926,2952,3968,111158.0,"25,98",111158.0,1362.0,11.0
2021,3,la pampa,"84,28",100371.0,116,100487.0,9015,57881,17817,14479,1295,100487.0,"12,99",100487.0,1524.0,15.0
2021,3,la rioja,"77,26",82157.0,3,82160.0,11329,54744,9444,6613,30,82160.0,"38,87",82160.0,2115.0,11.0
2021,3,mendoza,"45,55",255320.0,619,255939.0,91474,71247,70579,21811,828,255939.0,"13,37",255939.0,1923.0,12.0
2021,3,misiones,"45,57",158528.0,- 0,158528.0,43230,89469,10969,7198,7662,158528.0,"30,88",158528.0,2179.0,16.0
2021,3,neuquén,"69,71",139436.0,373,139809.0,29650,73794,16455,19270,640,139809.0,"38,34",139809.0,3009.0,12.0
2021,3,río negro,"61,97",144084.0,501,144585.0,47934,44519,18725,15031,18376,144585.0,"25,4",144585.0,1489.0,10.0
2021,3,salta,"55,96",195831.0,2,195833.0,49212,98318,36126,5724,6453,195833.0,"31,21",195833.0,1128.0,9.0
2021,3,san juan,"39,46",79227.0,256,79483.0,40072,12922,6670,11372,8447,79483.0,"7,04",79483.0,2718.0,15.0
2021,3,san luis,"79,87",117716.0,148,117864.0,8417,11884,27,68856,28680,117864.0,"21,7",117864.0,2886.0,14.0
2021,3,santa cruz,"43,75",48779.0,197,48976.0,12347,22961,6328,4269,3071,48976.0,"7,69",48976.0,4420.0,17.0
2021,3,santa fe,"75,02",841433.0,151,841584.0,245929,443156,93412,43447,15640,841584.0,"33,13",841584.0,2294.0,14.0
2021,3,santiago del estero,"47,0",115457.0,1,115458.0,19939,85535,909,6147,2928,115458.0,"13,35",115458.0,3803.0,11.0
2021,3,tierra del fuego,"94,95",49934.0,289,50223.0,12853,36958,6,16,390,50223.0,"9,52",50223.0,3338.0,15.0
2021,3,tucumán,"54,64",232447.0,25,232472.0,104489,53868,70964,2408,743,232472.0,"42,1",232472.0,1858.0,14.0
2021,2,buenos aires,"70,0",4127167.0,5184,4132351.0,603255,2503830,854173,113546,57547,4132351.0,"52,76",4132351.0,2604.0,27.0
2021,2,capital federal,"110,14",1398747.0,1608,1400355.0,148989,1175097,41318,5580,29371,1400355.0,"72,75",1400355.0,2062.0,18.0
2021,2,catamarca,"52,34",55743.0,1,55744.0,20305,9426,22331,1449,2233,55744.0,"42,19",55744.0,3189.0,12.0
2021,2,chaco,"43,33",140726.0,3,140729.0,39826,62948,27584,8018,2353,140729.0,"37,4",140729.0,2888.0,10.0
2021,2,chubut,"72,29",138412.0,825,139237.0,49271,41497,6081,23682,18706,139237.0,"7,68",139237.0,4376.0,13.0
2021,2,córdoba,"80,12",930818.0,62,930880.0,239780,467782,151855,55944,15519,930880.0,"39,59",930880.0,1483.0,20.0
2021,2,corrientes,"43,54",129498.0,3,129501.0,46648,67262,3731,6557,5303,129501.0,"30,37",129501.0,1327.0,6.0
2021,2,entre ríos,"61,66",257617.0,15,257632.0,77836,124957,17856,23786,13197,257632.0,"27,62",257632.0,614.0,7.0
2021,2,formosa,"33,23",51551.0,- 0,51551.0,19571,12509,3610,15690,171,51551.0,"23,97",51551.0,3416.0,11.0
2021,2,jujuy,"56,18",111848.0,- 0,111848.0,24738,60800,19611,2731,3968,111848.0,"25,81",111848.0,1399.0,11.0
2021,2,la pampa,"82,08",97551.0,116,97667.0,9017,57014,17132,13209,1295,97667.0,"12,28",97667.0,1444.0,14.0
2021,2,la rioja,"76,98",81599.0,3,81602.0,11627,54255,9445,6245,30,81602.0,"38,53",81602.0,1819.0,8.0
2021,2,mendoza,"40,97",229052.0,619,229671.0,91503,70834,44696,21811,827,229671.0,"13,47",229671.0,1187.0,11.0
2021,2,misiones,"45,01",156176.0,- 0,156176.0,44960,87861,10376,5317,7662,156176.0,"28,68",156176.0,2187.0,16.0
2021,2,neuquén,"69,14",137877.0,373,138250.0,30083,72690,15619,19218,640,138250.0,"36,11",138250.0,2088.0,11.0
2021,2,río negro,"61,94",143583.0,501,144084.0,48189,43761,18727,15031,18376,144084.0,"23,75",144084.0,1616.0,10.0
2021,2,salta,"54,93",191637.0,2,191639.0,51396,96016,32050,5724,6453,191639.0,"29,24",191639.0,1187.0,9.0
2021,2,san juan,"39,28",78677.0,256,78933.0,40072,12369,6673,11372,8447,78933.0,"6,99",78933.0,2740.0,15.0
2021,2,san luis,"83,48",122670.0,148,122818.0,8417,11308,28,66860,36205,122818.0,"21,66",122818.0,2850.0,14.0
2021,2,santa cruz,"44,01",48785.0,197,48982.0,12347,22967,6328,4269,3071,48982.0,"7,63",48982.0,4234.0,17.0
2021,2,santa fe,"75,07",840449.0,151,840600.0,256741,431915,90424,43997,17523,840600.0,"30,7",840600.0,2302.0,14.0
2021,2,santiago del estero,"46,56",114089.0,1,114090.0,20734,83770,909,5081,3596,114090.0,"12,72",114090.0,3835.0,11.0
2021,2,tierra del fuego,"67,89",35404.0,289,35693.0,12853,22504,6,14,316,35693.0,"8,59",35693.0,2638.0,16.0
2021,2,tucumán,"54,93",233026.0,25,233051.0,110429,48359,71683,1837,743,233051.0,"40,31",233051.0,1400.0,14.0
2021,1,buenos aires,"69,11",4054936.0,5066,4060002.0,629679,2452056,821597,98806,57864,4060002.0,"50,79",4060002.0,2847.0,27.0
2021,1,capital federal,"108,42",1378283.0,1390,1379673.0,159805,1145093,39980,5559,29236,1379673.0,"68,29",1379673.0,770.0,19.0
2021,1,catamarca,"48,9",51967.0,1,51968.0,26316,4409,18688,322,2233,51968.0,"39,97",51968.0,2266.0,10.0
2021,1,chaco,"43,14",139767.0,3,139770.0,43214,61251,25426,8004,1875,139770.0,"33,63",139770.0,2612.0,10.0
2021,1,chubut,"68,99",131515.0,825,132340.0,45501,40960,3444,23723,18712,132340.0,"7,53",132340.0,4998.0,15.0
2021,1,córdoba,"78,59",910826.0,55,910881.0,260350,444695,134634,54137,17065,910881.0,"36,17",910881.0,1407.0,19.0
2021,1,corrientes,"42,66",126622.0,3,126625.0,49160,62876,3337,5949,5303,126625.0,"25,99",126625.0,639.0,3.0
2021,1,entre ríos,"60,44",251950.0,13,251963.0,83688,118424,16846,20836,12169,251963.0,"23,87",251963.0,109.0,5.0
2021,1,formosa,"32,73",50686.0,- 0,50686.0,20663,11412,2562,15669,380,50686.0,"20,98",50686.0,3314.0,10.0
2021,1,jujuy,"55,63",110456.0,- 0,110456.0,32254,54324,17322,2677,3879,110456.0,"26,78",110456.0,1358.0,11.0
2021,1,la pampa,"81,78",96989.0,116,97105.0,8946,58711,15779,12369,1300,97105.0,"10,73",97105.0,1246.0,13.0
2021,1,la rioja,"49,81",52625.0,3,52628.0,17363,34984,1,250,30,52628.0,"12,7",52628.0,1412.0,7.0
2021,1,mendoza,"39,15",218308.0,615,218923.0,91844,69295,38619,18332,833,218923.0,"12,6",218923.0,1161.0,11.0
2021,1,misiones,"43,17",149387.0,- 0,149387.0,48292,82339,7064,4796,6896,149387.0,"25,08",149387.0,2071.0,14.0
2021,1,neuquén,"66,84",132862.0,373,133235.0,30223,70457,14171,17752,632,133235.0,"34,24",133235.0,1651.0,9.0
2021,1,río negro,"60,88",140667.0,501,141168.0,48777,42192,17828,13994,18377,141168.0,"21,92",141168.0,628.0,8.0
2021,1,salta,"53,93",187572.0,2,187574.0,54768,89187,31498,5669,6452,187574.0,"27,32",187574.0,612.0,7.0
2021,1,san juan,"39,06",78011.0,256,78267.0,40072,11589,6671,11482,8453,78267.0,"6,91",78267.0,2758.0,16.0
2021,1,san luis,"81,24",119006.0,148,119154.0,8417,10678,28,63826,36205,119154.0,"21,59",119154.0,2828.0,14.0
2021,1,santa cruz,"41,65",45868.0,197,46065.0,12347,23089,5975,4264,390,46065.0,"7,5",46065.0,3993.0,17.0
2021,1,santa fe,"73,92",825990.0,137,826127.0,277012,421480,70976,39140,17519,826127.0,"28,13",826127.0,2579.0,14.0
2021,1,santiago del estero,"45,67",111640.0,1,111641.0,26468,75849,570,5158,3596,111641.0,"11,58",111641.0,5493.0,11.0
2021,1,tierra del fuego,"77,35",40133.0,289,40422.0,12853,27247,6,0,316,40422.0,"8,73",40422.0,2416.0,17.0
2021,1,tucumán,"54,82",231890.0,22,231912.0,147199,12185,69954,1834,740,231912.0,"37,98",231912.0,1556.0,15.0
2020,4,buenos aires,"68,98",4028195.0,5066,4033261.0,635651,2441248,804991,93444,57927,4033261.0,"50,01",4033261.0,2843.0,27.0
2020,4,capital federal,"108,31",1378140.0,1390,1379530.0,163060,1142528,39890,4815,29237,1379530.0,"67,33",1379530.0,771.0,19.0
2020,4,catamarca,"49,41",52395.0,1,52396.0,26870,5115,17856,322,2233,52396.0,"37,65",52396.0,2252.0,10.0
2020,4,chaco,"43,03",139088.0,3,139091.0,44332,61200,23687,7997,1875,139091.0,"32,45",139091.0,3629.0,11.0
2020,4,chubut,"68,35",129749.0,825,130574.0,45703,39756,3040,23363,18712,130574.0,"7,38",130574.0,3435.0,13.0
2020,4,córdoba,"78,08",902646.0,55,902701.0,267396,439322,125620,52827,17536,902701.0,"35,12",902701.0,1429.0,20.0
2020,4,corrientes,"42,43",125656.0,3,125659.0,50102,61495,3146,5626,5290,125659.0,"25,45",125659.0,696.0,3.0
2020,4,entre ríos,"59,47",247368.0,13,247381.0,85683,113670,15653,20206,12169,247381.0,"24,05",247381.0,110.0,6.0
2020,4,formosa,"32,49",50206.0,- 0,50206.0,21264,10789,2432,15341,380,50206.0,"19,7",50206.0,3392.0,10.0
2020,4,jujuy,"53,46",105851.0,- 0,105851.0,32850,52815,15639,1077,3470,105851.0,"25,21",105851.0,1076.0,11.0
2020,4,la pampa,"81,77",96779.0,116,96895.0,9009,58945,15432,12194,1315,96895.0,"9,88",96895.0,1240.0,13.0
2020,4,la rioja,"50,11",52775.0,3,52778.0,17513,34984,1,250,30,52778.0,"12,53",52778.0,1417.0,6.0
2020,4,mendoza,"38,63",214838.0,615,215453.0,91842,68364,36083,18331,833,215453.0,"11,09",215453.0,2621.0,12.0
2020,4,misiones,"42,64",147161.0,- 0,147161.0,49462,79855,6589,4359,6896,147161.0,"24,96",147161.0,1912.0,12.0
2020,4,neuquén,"67,0",132762.0,373,133135.0,30468,70614,13732,17689,632,133135.0,"33,91",133135.0,1673.0,10.0
2020,4,río negro,"61,09",140709.0,501,141210.0,48991,42022,17826,13994,18377,141210.0,"21,64",141210.0,629.0,8.0
2020,4,salta,"54,04",187388.0,2,187390.0,56659,87817,30604,5858,6452,187390.0,"25,32",187390.0,868.0,7.0
2020,4,san juan,"36,32",72340.0,256,72596.0,40072,7004,6599,10468,8453,72596.0,"6,41",72596.0,2310.0,16.0
2020,4,san luis,"81,68",119287.0,148,119435.0,8417,11767,27,63019,36205,119435.0,"21,25",119435.0,2050.0,11.0
2020,4,santa cruz,"37,0",40477.0,197,40674.0,12347,19657,1041,4659,2970,40674.0,"7,49",40674.0,2770.0,16.0
2020,4,santa fe,"73,58",820676.0,137,820813.0,287271,414746,62692,38712,17392,820813.0,"27,29",820813.0,2434.0,14.0
2020,4,santiago del estero,"43,75",106668.0,1,106669.0,26812,70522,570,5169,3596,106669.0,"11,28",106669.0,5153.0,11.0
2020,4,tierra del fuego,"76,27",39325.0,289,39614.0,12853,26439,6,0,316,39614.0,"8,49",39614.0,2719.0,17.0
2020,4,tucumán,"54,78",231067.0,22,231089.0,149322,11150,68043,1834,740,231089.0,"36,44",231089.0,1803.0,16.0
2020,3,buenos aires,"67,66",3932211.0,5066,3937277.0,653930,2384557,749087,94162,55541,3937277.0,"48,38",3937277.0,3784.0,29.0
2020,3,capital federal,"107,68",1371285.0,1390,1372675.0,170375,1129573,39417,3936,29374,1372675.0,"63,81",1372675.0,1091.0,22.0
2020,3,catamarca,"47,16",49903.0,1,49904.0,26868,3690,16857,261,2228,49904.0,"36,54",49904.0,2239.0,10.0
2020,3,chaco,"41,54",133951.0,3,133954.0,45745,58825,20675,6706,2003,133954.0,"30,8",133954.0,2679.0,10.0
2020,3,chubut,"68,34",129202.0,825,130027.0,45761,39386,2897,23216,18767,130027.0,"7,4",130027.0,3680.0,12.0
2020,3,córdoba,"75,22",867417.0,55,867472.0,276360,430771,102217,48368,9756,867472.0,"33,51",867472.0,482.0,16.0
2020,3,corrientes,"41,75",123388.0,3,123391.0,50858,58681,2960,5513,5379,123391.0,"23,85",123391.0,2277.0,5.0
2020,3,entre ríos,"58,19",241482.0,13,241495.0,87892,106950,13954,20379,12320,241495.0,"22,43",241495.0,1818.0,7.0
2020,3,formosa,"31,91",49209.0,- 0,49209.0,21790,10003,2000,15023,393,49209.0,"18,28",49209.0,2745.0,8.0
2020,3,jujuy,"54,04",106728.0,- 0,106728.0,32611,57682,11112,952,4371,106728.0,"21,91",106728.0,1680.0,9.0
2020,3,la pampa,"79,26",93619.0,116,93735.0,9015,56845,14677,11893,1305,93735.0,"10,7",93735.0,1261.0,13.0
2020,3,la rioja,"50,12",52613.0,3,52616.0,17346,34984,1,250,35,52616.0,"12,19",52616.0,1380.0,6.0
2020,3,mendoza,"37,35",207173.0,615,207788.0,91908,64672,32817,17523,868,207788.0,"10,19",207788.0,2713.0,12.0
2020,3,misiones,"41,6",143186.0,- 0,143186.0,50195,77989,2572,3445,8985,143186.0,"24,14",143186.0,1974.0,7.0
2020,3,neuquén,"65,24",128862.0,373,129235.0,30222,70446,11043,16787,737,129235.0,"31,46",129235.0,2346.0,10.0
2020,3,río negro,"57,05",130966.0,501,131467.0,49530,40001,10381,13187,18368,131467.0,"21,08",131467.0,1665.0,9.0
2020,3,salta,"52,32",180844.0,2,180846.0,58216,84128,25445,5764,7293,180846.0,"25,26",180846.0,2294.0,10.0
2020,3,san juan,"38,79",77071.0,256,77327.0,40092,9223,5509,14023,8480,77327.0,"6,03",77327.0,1925.0,14.0
2020,3,san luis,"79,96",116417.0,148,116565.0,8401,10077,6,61828,36253,116565.0,"20,85",116565.0,2718.0,13.0
2020,3,santa cruz,"35,95",39084.0,197,39281.0,12845,16098,1027,6938,2373,39281.0,"6,65",39281.0,1183.0,15.0
2020,3,santa fe,"72,12",802861.0,137,802998.0,295051,405807,45721,37112,19307,802998.0,"25,69",802998.0,1793.0,12.0
2020,3,santiago del estero,"43,38",105491.0,1,105492.0,26419,70720,555,4185,3613,105492.0,"10,88",105492.0,5088.0,11.0
2020,3,tierra del fuego,"76,81",39366.0,289,39655.0,12854,26491,0,0,310,39655.0,"8,51",39655.0,2678.0,16.0
2020,3,tucumán,"53,23",223854.0,22,223876.0,149605,11752,59949,1808,762,223876.0,"34,84",223876.0,1664.0,15.0
2020,2,buenos aires,"65,22",3772480.0,5066,3777546.0,661272,2244277,723072,91736,57189,3777546.0,"45,66",3777546.0,3496.0,27.0
2020,2,capital federal,"106,41",1356431.0,1390,1357821.0,178896,1106133,39482,3937,29373,1357821.0,"60,48",1357821.0,981.0,21.0
2020,2,catamarca,"45,43",47975.0,1,47976.0,26968,3641,14878,261,2228,47976.0,"34,93",47976.0,2213.0,9.0
2020,2,chaco,"39,83",128129.0,3,128132.0,46816,56017,17266,6452,1581,128132.0,"27,95",128132.0,4340.0,12.0
2020,2,chubut,"57,34",107831.0,825,108656.0,45761,38279,1324,17678,5614,108656.0,"7,61",108656.0,2672.0,11.0
2020,2,córdoba,"72,71",836413.0,55,836468.0,282858,415007,85818,44522,8263,836468.0,"30,99",836468.0,343.0,16.0
2020,2,corrientes,"40,3",118863.0,3,118866.0,51248,55536,3144,3927,5011,118866.0,"22,15",118866.0,2424.0,5.0
2020,2,entre ríos,"56,54",234100.0,13,234113.0,89391,99423,13954,20042,11303,234113.0,"20,45",234113.0,1795.0,6.0
2020,2,formosa,"31,14",47932.0,- 0,47932.0,21805,9353,1882,14723,169,47932.0,"16,87",47932.0,2864.0,8.0
2020,2,jujuy,"47,89",94316.0,- 0,94316.0,32705,38938,5057,952,16664,94316.0,"15,86",94316.0,1665.0,9.0
2020,2,la pampa,"76,1",89693.0,116,89809.0,8551,54422,14232,11314,1290,89809.0,"8,03",89809.0,988.0,9.0
2020,2,la rioja,"49,84",52152.0,3,52155.0,16885,34984,1,250,35,52155.0,"11,67",52155.0,1332.0,6.0
2020,2,mendoza,"36,25",200569.0,615,201184.0,91904,62941,29613,15924,802,201184.0,"9,27",201184.0,1979.0,11.0
2020,2,misiones,"40,89",140340.0,- 0,140340.0,50792,74497,2579,3319,9153,140340.0,"22,56",140340.0,1061.0,6.0
2020,2,neuquén,"63,9",125799.0,373,126172.0,30256,67990,11037,15755,1134,126172.0,"29,1",126172.0,2311.0,10.0
2020,2,río negro,"56,37",128985.0,501,129486.0,49756,39650,10382,11331,18367,129486.0,"19,68",129486.0,2653.0,10.0
2020,2,salta,"51,58",177760.0,2,177762.0,59502,81740,24289,5123,7108,177762.0,"22,56",177762.0,2457.0,9.0
2020,2,san juan,"35,09",69521.0,256,69777.0,40092,8275,5509,7019,8882,69777.0,"6,31",69777.0,2537.0,13.0
2020,2,san luis,"78,41",113804.0,148,113952.0,8401,8357,6,60935,36253,113952.0,"21,02",113952.0,2686.0,13.0
2020,2,santa cruz,"35,79",38672.0,197,38869.0,12845,16044,1027,6585,2368,38869.0,"6,59",38869.0,1127.0,15.0
2020,2,santa fe,"70,0",777795.0,137,777932.0,299974,381679,46698,30487,19094,777932.0,"23,93",777932.0,1929.0,12.0
2020,2,santiago del estero,"43,47",105446.0,1,105447.0,25917,72074,355,3038,4063,105447.0,"10,41",105447.0,3924.0,10.0
2020,2,tierra del fuego,"76,37",38900.0,289,39189.0,12854,26025,0,0,310,39189.0,"8,13",39189.0,2478.0,11.0
2020,2,tucumán,"51,78",217134.0,22,217156.0,150084,9833,55120,1357,762,217156.0,"32,7",217156.0,943.0,12.0
2020,1,buenos aires,"64,33",3702985.0,5066,3708051.0,673237,2210349,720688,85443,18334,3708051.0,"45,18",3718747.0,2970.0,18.0
2020,1,capital federal,"105,98",1352104.0,1390,1353494.0,184494,1097635,38898,3911,28556,1353494.0,"58,71",1354054.0,968.0,21.0
2020,1,catamarca,"37,62",39634.0,1,39635.0,21945,3146,12056,261,2227,39635.0,"29,13",38860.0,2248.0,8.0
2020,1,chaco,"37,48",120274.0,3,120277.0,46356,54144,11958,6239,1580,120277.0,"25,94",120226.0,3252.0,12.0
2020,1,chubut,"51,27",95938.0,800,96738.0,45763,27287,1324,16885,5479,96738.0,"7,12",96920.0,3193.0,11.0
2020,1,córdoba,"70,69",811044.0,55,811099.0,286168,406109,68512,41617,8693,811099.0,"29,39",810924.0,261.0,14.0
2020,1,corrientes,"38,73",113967.0,3,113970.0,51126,53231,2172,2437,5004,113970.0,"20,54",113737.0,3899.0,7.0
2020,1,entre ríos,"56,12",231833.0,13,231846.0,90368,95434,13245,18737,14062,231846.0,"19,03",230292.0,1363.0,5.0
2020,1,formosa,"30,23",46434.0,- 0,46434.0,21068,8887,1800,14510,169,46434.0,"15,7",46276.0,2836.0,9.0
2020,1,jujuy,"46,67",91665.0,- 0,91665.0,32066,38938,3078,942,16641,91665.0,"14,14",94089.0,1739.0,9.0
2020,1,la pampa,"75,77",89110.0,116,89226.0,8553,53755,13821,11295,1802,89226.0,"7,29",89145.0,2778.0,15.0
2020,1,la rioja,"46,35",48337.0,3,48340.0,13076,34984,0,251,29,48340.0,"7,96",48345.0,1294.0,6.0
2020,1,mendoza,"33,14",182837.0,615,183452.0,91955,50251,28059,12465,722,183452.0,"8,44",176960.0,2366.0,12.0
2020,1,misiones,"39,02",133552.0,- 0,133552.0,51458,69452,1220,460,10962,133552.0,"22,15",133700.0,1120.0,7.0
2020,1,neuquén,"61,85",121354.0,373,121727.0,29305,65951,11031,14711,729,121727.0,"27,77",122214.0,2136.0,9.0
2020,1,río negro,"55,12",125699.0,501,126200.0,47756,38479,10381,11222,18362,126200.0,"19,06",126927.0,1695.0,9.0
2020,1,salta,"49,6",170379.0,2,170381.0,60426,75593,23025,4125,7212,170381.0,"21,43",170695.0,2110.0,9.0
2020,1,san juan,"32,39",63975.0,256,64231.0,40092,6448,5508,7082,5101,64231.0,"6,04",67861.0,2150.0,13.0
2020,1,san luis,"76,31",110404.0,148,110552.0,8301,7612,5,58301,36333,110552.0,"20,99",110454.0,2897.0,13.0
2020,1,santa cruz,"35,97",38625.0,197,38822.0,12845,15766,1026,6817,2368,38822.0,"6,42",38335.0,1198.0,14.0
2020,1,santa fe,"69,52",770981.0,137,771118.0,302366,383673,35123,30488,19468,771118.0,"22,42",762556.0,1817.0,10.0
2020,1,santiago del estero,"42,47",102754.0,1,102755.0,24695,70424,200,2779,4657,102755.0,"10,0",103054.0,3817.0,10.0
2020,1,tierra del fuego,"76,07",38505.0,289,38794.0,12854,25632,0,0,308,38794.0,"7,41",37606.0,2071.0,13.0
2020,1,tucumán,"47,85",200045.0,22,200067.0,143184,10494,44687,1355,347,200067.0,"32,25",200449.0,737.0,12.0
2019,4,buenos aires,"64,25",3681120.0,5134,3686254.0,720011,2191672,669194,87111,18266,3686254.0,"30,77",3686254.0,3563.0,19.0
2019,4,capital federal,"106,25",1356695.0,1410,1358105.0,196938,1093143,35534,3914,28576,1358105.0,"44,2",1358105.0,1026.0,21.0
2019,4,catamarca,"36,44",38310.0,1,38311.0,22999,3318,9506,261,2227,38311.0,"24,88",38311.0,2883.0,8.0
2019,4,chaco,"36,84",117900.0,3,117903.0,48661,53602,8831,5229,1580,117903.0,"23,37",117903.0,1947.0,8.0
2019,4,chubut,"51,15",95292.0,810,96102.0,47045,26977,1324,15267,5489,96102.0,"6,99",96102.0,3191.0,11.0
2019,4,córdoba,"70,48",806633.0,55,806688.0,296872,410038,53335,37750,8693,806688.0,"26,16",806688.0,260.0,14.0
2019,4,corrientes,"38,77",113831.0,3,113834.0,52525,51845,2002,2458,5004,113834.0,"19,26",113834.0,2700.0,6.0
2019,4,entre ríos,"57,99",239017.0,13,239030.0,92981,99206,12875,18561,15407,239030.0,"17,01",239030.0,609.0,6.0
2019,4,formosa,"30,47",46711.0,- 0,46711.0,21567,8684,1760,14531,169,46711.0,"14,53",46711.0,2568.0,8.0
2019,4,jujuy,"45,38",88881.0,- 0,88881.0,32949,37604,873,814,16641,88881.0,"12,96",88881.0,1541.0,9.0
2019,4,la pampa,"76,92",90280.0,119,90399.0,15457,56854,4942,11341,1805,90399.0,"6,53",90399.0,2445.0,15.0
2019,4,la rioja,"47,14",48999.0,3,49002.0,13738,34984,0,251,29,49002.0,"8,0",49002.0,1366.0,6.0
2019,4,mendoza,"33,65",185157.0,623,185780.0,96678,49711,24989,13672,730,185780.0,"7,79",185780.0,2500.0,13.0
2019,4,misiones,"39,79",135813.0,- 0,135813.0,53116,69676,847,441,11733,135813.0,"20,32",135813.0,1164.0,7.0
2019,4,neuquén,"59,36",116069.0,376,116445.0,29826,60970,10549,14246,854,116445.0,"26,02",116445.0,2114.0,9.0
2019,4,río negro,"55,71",126636.0,504,127140.0,49747,37933,9658,11437,18365,127140.0,"17,18",127140.0,1701.0,9.0
2019,4,salta,"50,35",172443.0,2,172445.0,63272,76062,21865,3040,8206,172445.0,"19,08",172445.0,287.0,7.0
2019,4,san juan,"32,85",64715.0,259,64974.0,41360,6338,4931,7241,5104,64974.0,"6,04",64974.0,2100.0,13.0
2019,4,san luis,"74,92",108053.0,148,108201.0,8569,8027,6,55266,36333,108201.0,"20,69",108201.0,3209.0,13.0
2019,4,santa cruz,"36,71",39170.0,200,39370.0,13264,15899,1036,6800,2371,39370.0,"5,21",39370.0,1166.0,10.0
2019,4,santa fe,"69,48",769019.0,150,769169.0,312072,382254,27464,26978,20401,769169.0,"20,55",769169.0,1793.0,10.0
2019,4,santiago del estero,"42,92",103587.0,1,103588.0,24682,71239,200,2810,4657,103588.0,"9,79",103588.0,3904.0,10.0
2019,4,tierra del fuego,"79,7",40101.0,291,40392.0,13261,26821,0,0,310,40392.0,"7,27",40392.0,1502.0,12.0
2019,4,tucumán,"47,65",198621.0,23,198644.0,146985,11012,39574,725,348,198644.0,"29,87",198644.0,659.0,11.0
2019,3,buenos aires,"69,36",3950114.0,10119,3960233.0,1277249,2144956,425386,85572,27070,3960233.0,"25,68",3971683.0,2387.0,16.0
2019,3,capital federal,"112,65",1437734.0,3477,1441211.0,300288,1080973,24900,3895,31155,1441211.0,"38,71",1442810.0,875.0,19.0
2019,3,catamarca,"30,88",32391.0,9,32400.0,24349,5543,13,244,2251,32400.0,"9,29",32382.0,916.0,7.0
2019,3,chaco,"35,85",114438.0,13,114451.0,50416,49156,8063,5224,1592,114451.0,"19,99",112227.0,2093.0,8.0
2019,3,chubut,"47,57",87481.0,1524,89005.0,37298,27090,1917,15149,7551,89005.0,"6,97",90152.0,2157.0,10.0
2019,3,córdoba,"68,59",782946.0,107,783053.0,307780,399231,30064,37277,8701,783053.0,"23,19",782341.0,202.0,14.0
2019,3,corrientes,"38,49",112749.0,10,112759.0,53344,50230,1888,2458,4839,112759.0,"16,7",110656.0,1639.0,5.0
2019,3,entre ríos,"57,9",238057.0,45,238102.0,94947,96305,12888,18530,15432,238102.0,"14,7",236314.0,913.0,6.0
2019,3,formosa,"30,11",46066.0,- 0,46066.0,21777,8359,1476,14292,162,46066.0,"13,22",46373.0,2086.0,6.0
2019,3,jujuy,"44,32",86575.0,1,86576.0,33110,35742,274,812,16638,86576.0,"11,97",88981.0,1328.0,8.0
2019,3,la pampa,"77,45",90559.0,269,90828.0,19469,52941,4994,11462,1962,90828.0,"5,72",90826.0,3164.0,13.0
2019,3,la rioja,"47,94",49659.0,18,49677.0,14390,34984,11,251,41,49677.0,"8,0",49678.0,1434.0,5.0
2019,3,mendoza,"40,74",223015.0,1322,224337.0,148640,54312,6865,12975,1545,224337.0,"6,11",222774.0,3543.0,15.0
2019,3,misiones,"39,33",133883.0,- 0,133883.0,54493,65872,829,419,12270,133883.0,"17,93",131099.0,1057.0,5.0
2019,3,neuquén,"64,14",123435.0,1986,125421.0,43347,60484,5560,13512,2518,125421.0,"23,75",124898.0,1847.0,9.0
2019,3,río negro,"63,42",143391.0,904,144295.0,67478,37425,9739,10806,18847,144295.0,"15,98",144243.0,1300.0,9.0
2019,3,salta,"44,48",151834.0,1,151835.0,65799,74329,733,1580,9394,151835.0,"14,75",151938.0,391.0,7.0
2019,3,san juan,"37,06",72535.0,563,73098.0,51670,7425,1227,7241,5535,73098.0,"6,04",76968.0,2406.0,13.0
2019,3,san luis,"85,23",122409.0,291,122700.0,13037,10561,350,62286,36466,122700.0,"19,74",122702.0,2538.0,12.0
2019,3,santa cruz,"35,63",37642.0,328,37970.0,10663,17056,969,6544,2738,37970.0,"5,02",37430.0,2682.0,12.0
2019,3,santa fe,"68,87",760706.0,228,760934.0,319396,377171,18690,24269,21408,760934.0,"18,17",752576.0,1931.0,9.0
2019,3,santiago del estero,"55,3",133130.0,2,133132.0,24556,71198,219,2759,34400,133132.0,"9,39",132632.0,3237.0,8.0
2019,3,tierra del fuego,"96,46",48043.0,544,48587.0,19790,26659,651,0,1487,48587.0,"6,69",48557.0,1755.0,13.0
2019,3,tucumán,"39,49",164099.0,32,164131.0,150918,12089,116,684,324,164131.0,"19,32",164444.0,1535.0,11.0
2019,2,buenos aires,"67,85",3845594.0,10104,3855698.0,1284658,2079900,382971,75240,32929,3855698.0,"22,48",3870807.0,1642.0,12.0
2019,2,capital federal,"110,55",1412177.0,3443,1415620.0,309937,1061358,36082,3962,4281,1415620.0,"30,35",1418395.0,299.0,18.0
2019,2,catamarca,"32,13",33626.0,9,33635.0,25682,5543,13,146,2251,33635.0,"8,81",33622.0,1045.0,7.0
2019,2,chaco,"34,14",108721.0,13,108734.0,50765,47448,4203,4727,1591,108734.0,"16,01",109904.0,2337.0,9.0
2019,2,chubut,"46,99",86038.0,1518,87556.0,37313,26338,1917,14443,7545,87556.0,"6,05",89333.0,2553.0,12.0
2019,2,córdoba,"68,07",775023.0,105,775128.0,314768,388254,23023,33847,15236,775128.0,"18,43",769793.0,1100.0,13.0
2019,2,corrientes,"38,16",111539.0,10,111549.0,53835,47431,1701,2444,6138,111549.0,"13,83",109461.0,2321.0,7.0
2019,2,entre ríos,"57,48",235780.0,44,235824.0,97081,91081,12764,17369,17529,235824.0,"12,19",234213.0,1206.0,6.0
2019,2,formosa,"30,42",46438.0,- 0,46438.0,21916,8686,1382,14292,162,46438.0,"10,84",46751.0,1834.0,6.0
2019,2,jujuy,"44,51",86706.0,1,86707.0,33022,30742,274,812,21857,86707.0,"12,07",86733.0,814.0,9.0
2019,2,la pampa,"77,08",89937.0,268,90205.0,19471,52101,4840,10789,3004,90205.0,"5,49",90223.0,2855.0,13.0
2019,2,la rioja,"48,7",50283.0,18,50301.0,15014,34984,11,251,41,50301.0,"7,89",50304.0,1516.0,7.0
2019,2,mendoza,"40,75",222535.0,1322,223857.0,148673,54027,6865,12748,1544,223857.0,"6,03",222260.0,3679.0,14.0
2019,2,misiones,"39,15",132878.0,- 0,132878.0,55373,64272,543,421,12269,132878.0,"14,5",130052.0,1083.0,6.0
2019,2,neuquén,"63,08",120954.0,1999,122953.0,43420,59021,4983,12792,2737,122953.0,"17,24",122886.0,3349.0,8.0
2019,2,río negro,"61,09",137632.0,915,138547.0,67841,36527,4037,10485,19657,138547.0,"11,63",138429.0,2037.0,10.0
2019,2,salta,"41,89",142567.0,1,142568.0,68827,62343,725,1210,9463,142568.0,"12,55",142650.0,467.0,5.0
2019,2,san juan,"35,6",69461.0,564,70025.0,51680,7425,1174,2870,6876,70025.0,"6,12",70240.0,1333.0,11.0
2019,2,san luis,"81,79",117094.0,291,117385.0,11130,10298,347,57242,38368,117385.0,"19,88",117383.0,2004.0,11.0
2019,2,santa cruz,"28,85",30225.0,325,30550.0,10665,10257,379,6514,2735,30550.0,"6,01",30010.0,2809.0,13.0
2019,2,santa fe,"67,42",743258.0,226,743484.0,325420,355140,18236,21980,22708,743484.0,"15,07",736108.0,1558.0,7.0
2019,2,santiago del estero,"52,79",126752.0,2,126754.0,24393,64783,219,2759,34600,126754.0,"7,1",126056.0,1962.0,6.0
2019,2,tierra del fuego,"94,8",46910.0,544,47454.0,19790,25527,651,0,1486,47454.0,"6,34",47895.0,1477.0,13.0
2019,2,tucumán,"40,14",166299.0,32,166331.0,153121,12089,116,684,321,166331.0,"18,53",166673.0,1916.0,11.0
2019,1,buenos aires,"66,24",3736563.0,10104,3746667.0,1304507,2020730,336362,64867,20201,3746667.0,"19,64",3732709.0,2074.0,13.0
2019,1,capital federal,"109,2",1396157.0,3443,1399600.0,328246,1030814,32281,3978,4281,1399600.0,"24,72",1401583.0,354.0,18.0
2019,1,catamarca,"32,19",33613.0,9,33622.0,26912,4443,16,0,2251,33622.0,"7,96",34739.0,936.0,7.0
2019,1,chaco,"32,64",103664.0,13,103677.0,53409,43555,1951,3628,1134,103677.0,"13,44",106982.0,2486.0,8.0
2019,1,chubut,"43,0",78260.0,1518,79778.0,37302,23065,1923,14443,3045,79778.0,"5,89",82678.0,1821.0,12.0
2019,1,córdoba,"65,52",744010.0,105,744115.0,323272,363959,19902,24615,12367,744115.0,"15,73",746418.0,1086.0,9.0
2019,1,corrientes,"35,13",102477.0,10,102487.0,55842,43444,1615,1528,58,102487.0,"12,05",101659.0,2072.0,7.0
2019,1,entre ríos,"56,79",232403.0,44,232447.0,100999,90253,12723,16231,12241,232447.0,"10,66",233180.0,1326.0,6.0
2019,1,formosa,"29,68",45211.0,- 0,45211.0,22570,7878,940,13761,62,45211.0,"9,83",45299.0,2107.0,6.0
2019,1,jujuy,"46,41",90146.0,1,90147.0,33248,12484,153,640,43622,90147.0,"8,56",83736.0,489.0,11.0
2019,1,la pampa,"76,35",88892.0,268,89160.0,18832,57373,2891,9023,1041,89160.0,"5,06",87085.0,3830.0,17.0
2019,1,la rioja,"50,18",51638.0,18,51656.0,16367,34984,12,252,41,51656.0,"7,09",51653.0,660.0,6.0
2019,1,mendoza,"37,66",204976.0,1322,206298.0,148524,40205,5662,10363,1544,206298.0,"5,74",215979.0,2447.0,14.0
2019,1,misiones,"36,26",122720.0,- 0,122720.0,54898,59214,465,426,7717,122720.0,"12,51",125633.0,1097.0,6.0
2019,1,neuquén,"58,88",112321.0,2056,114377.0,40747,55634,3114,12510,2372,114377.0,"15,88",114242.0,2188.0,8.0
2019,1,río negro,"53,57",120173.0,915,121088.0,68377,34124,3994,9736,4857,121088.0,"10,49",120826.0,1509.0,8.0
2019,1,salta,"40,1",136019.0,1,136020.0,74426,57933,647,1135,1879,136020.0,"10,38",136012.0,620.0,6.0
2019,1,san juan,"31,83",61881.0,564,62445.0,51660,5838,808,2932,1207,62445.0,"5,84",63982.0,1047.0,12.0
2019,1,san luis,"67,34",96044.0,291,96335.0,11108,7784,378,53097,23968,96335.0,"8,71",98701.0,1306.0,11.0
2019,1,santa cruz,"23,67",24580.0,325,24905.0,10659,4615,382,6514,2735,24905.0,"5,78",25606.0,1028.0,11.0
2019,1,santa fe,"66,97",736851.0,227,737078.0,340038,340344,15621,23215,17860,737078.0,"12,99",732320.0,2442.0,10.0
2019,1,santiago del estero,"37,52",89851.0,2,89853.0,25337,61547,23,2847,99,89853.0,"6,42",91535.0,1951.0,6.0
2019,1,tierra del fuego,"93,38",45903.0,544,46447.0,19789,23549,1623,0,1486,46447.0,"6,34",43361.0,2009.0,14.0
2019,1,tucumán,"41,63",171970.0,32,172002.0,159215,11670,118,678,321,172002.0,"16,57",172217.0,2354.0,12.0
2018,4,buenos aires,"64,6",3626502.0,10104,3636606.0,1305576,1949637,296102,65477,19814,3636606.0,"16,93",3636606.0,1015.0,12.0
2018,4,capital federal,"108,27",1385577.0,3443,1389020.0,328253,1019490,33042,3978,4257,1389020.0,"22,94",1389020.0,348.0,17.0
2018,4,catamarca,"32,23",33574.0,9,33583.0,26912,4443,16,0,2212,33583.0,"8,04",33583.0,687.0,7.0
2018,4,chaco,"32,59",103257.0,13,103270.0,53409,43555,1940,3236,1130,103270.0,"13,49",103270.0,2486.0,8.0
2018,4,chubut,"42,61",77204.0,1518,78722.0,37215,23065,952,14443,3047,78722.0,"6,09",78722.0,2285.0,13.0
2018,4,córdoba,"65,09",737234.0,105,737339.0,328854,355716,17675,21851,13243,737339.0,"15,81",737339.0,91.0,7.0
2018,4,corrientes,"34,57",100591.0,10,100601.0,55842,42418,796,1515,30,100601.0,"12,14",100601.0,1872.0,7.0
2018,4,entre ríos,"54,37",222003.0,44,222047.0,101168,86198,4853,15472,14356,222047.0,"11,02",222047.0,1261.0,8.0
2018,4,formosa,"29,74",45204.0,- 0,45204.0,22619,7880,887,13761,57,45204.0,"9,82",45204.0,1115.0,5.0
2018,4,jujuy,"46,53",90132.0,1,90133.0,33248,12484,153,640,43608,90133.0,"8,56",90133.0,489.0,11.0
2018,4,la pampa,"73,49",85368.0,268,85636.0,18832,55337,2685,7772,1010,85636.0,"4,32",85636.0,2179.0,14.0
2018,4,la rioja,"50,35",51633.0,18,51651.0,16367,34984,12,252,36,51651.0,"7,09",51651.0,660.0,6.0
2018,4,mendoza,"37,76",204982.0,1322,206304.0,148524,40205,5665,10363,1547,206304.0,"5,75",206304.0,2086.0,13.0
2018,4,misiones,"34,45",116273.0,- 0,116273.0,55500,53673,465,426,6209,116273.0,"12,5",116273.0,1111.0,6.0
2018,4,neuquén,"59,07",112309.0,2056,114365.0,40747,55634,3115,12425,2444,114365.0,"15,89",114365.0,2160.0,8.0
2018,4,río negro,"51,86",115922.0,915,116837.0,68377,34292,1299,8037,4832,116837.0,"10,49",116837.0,1908.0,9.0
2018,4,salta,"39,8",134577.0,1,134578.0,74295,57539,638,253,1853,134578.0,"10,46",134578.0,620.0,6.0
2018,4,san juan,"31,9",61834.0,564,62398.0,51660,5838,806,2883,1211,62398.0,"5,72",62398.0,520.0,10.0
2018,4,san luis,"67,55",96040.0,291,96331.0,11108,7784,378,53097,23964,96331.0,"8,82",96331.0,988.0,11.0
2018,4,santa cruz,"23,69",24443.0,325,24768.0,10659,4615,382,6378,2734,24768.0,"5,12",24768.0,1272.0,11.0
2018,4,santa fe,"65,59",720161.0,229,720390.0,335519,322782,14387,18705,28997,720390.0,"13,18",720390.0,2288.0,8.0
2018,4,santiago del estero,"37,4",89333.0,2,89335.0,25339,61243,23,2649,81,89335.0,"6,31",89335.0,1713.0,6.0
2018,4,tierra del fuego,"93,59",45716.0,544,46260.0,19789,23349,1623,0,1499,46260.0,"7,44",46260.0,597.0,11.0
2018,4,tucumán,"41,76",171972.0,32,172004.0,159215,11670,119,686,314,172004.0,"16,58",172004.0,2268.0,12.0
2018,3,buenos aires,"64,44",3599714.0,10563,3610277.0,1435856,1929273,156382,62318,26448,3610277.0,"16,78",3609754.0,1446.0,12.0
2018,3,capital federal,"108,45",1385804.0,6686,1392490.0,334353,1009252,35694,3872,9319,1392490.0,"21,64",1394490.0,493.0,16.0
2018,3,catamarca,"32,92",34215.0,11,34226.0,27553,4443,15,1,2214,34226.0,"7,81",34373.0,697.0,8.0
2018,3,chaco,"32,28",102021.0,12,102033.0,53927,42359,1990,2628,1129,102033.0,"12,89",105340.0,2378.0,7.0
2018,3,chubut,"56,39",101310.0,2426,103736.0,58887,23065,1239,13817,6728,103736.0,"6,08",102594.0,2173.0,13.0
2018,3,córdoba,"64,24",725764.0,94,725858.0,337620,342401,15785,19213,10839,725858.0,"14,82",723352.0,99.0,5.0
2018,3,corrientes,"34,25",99445.0,11,99456.0,56444,41300,212,1468,32,99456.0,"11,49",99459.0,1544.0,7.0
2018,3,entre ríos,"50,22",204560.0,48,204608.0,103318,83714,2403,15093,80,204608.0,"10,52",204062.0,1296.0,8.0
2018,3,formosa,"29,58",44865.0,- 0,44865.0,22777,7589,817,13625,57,44865.0,"9,32",44857.0,1870.0,6.0
2018,3,jujuy,"23,26",44934.0,1,44935.0,33363,10856,32,641,43,44935.0,"7,67",44897.0,1347.0,6.0
2018,3,la pampa,"71,75",83180.0,244,83424.0,12415,54574,8437,7011,987,83424.0,"4,28",83342.0,1824.0,21.0
2018,3,la rioja,"50,73",51855.0,17,51872.0,16587,34984,13,253,35,51872.0,"6,16",51869.0,702.0,7.0
2018,3,mendoza,"37,99",205545.0,1484,207029.0,151033,40205,5744,8195,1852,207029.0,"5,79",208201.0,2155.0,13.0
2018,3,misiones,"32,1",108042.0,- 0,108042.0,56290,50793,512,391,56,108042.0,"12,49",110594.0,1260.0,7.0
2018,3,neuquén,"60,49",114713.0,2005,116718.0,46602,54129,998,12277,2712,116718.0,"14,67",115935.0,1897.0,9.0
2018,3,río negro,"50,54",112433.0,1059,113492.0,68590,33474,1252,5051,5125,113492.0,"10,06",113504.0,1975.0,9.0
2018,3,salta,"39,43",132882.0,1,132883.0,76600,53980,678,234,1391,132883.0,"9,27",133722.0,1636.0,6.0
2018,3,san juan,"33,05",63823.0,658,64481.0,54025,5838,826,2744,1048,64481.0,"5,74",64369.0,523.0,10.0
2018,3,san luis,"52,35",74121.0,300,74421.0,11096,7784,368,52859,2314,74421.0,"8,81",74362.0,1004.0,11.0
2018,3,santa cruz,"32,73",33565.0,434,33999.0,18606,4574,585,6238,3996,33999.0,"5,37",33945.0,1273.0,11.0
2018,3,santa fe,"63,41",694883.0,217,695100.0,339126,312866,11749,16337,15022,695100.0,"12,36",692572.0,1619.0,8.0
2018,3,santiago del estero,"36,25",86358.0,2,86360.0,25805,58789,23,1662,81,86360.0,"5,78",86102.0,3423.0,9.0
2018,3,tierra del fuego,"92,77",45056.0,508,45564.0,19365,22649,1502,1,2047,45564.0,"5,99",44300.0,702.0,11.0
2018,3,tucumán,"41,68",171135.0,31,171166.0,161209,9280,110,252,315,171166.0,"15,26",171040.0,2124.0,8.0
2018,2,buenos aires,"62,78",3490134.0,10565,3500699.0,1450203,1807868,143626,71256,27746,3500699.0,"14,68",3502314.0,411.0,11.0
2018,2,capital federal,"106,53",1362498.0,6688,1369186.0,342431,977916,35610,3908,9321,1369186.0,"18,94",1371167.0,497.0,16.0
2018,2,catamarca,"32,86",34078.0,11,34089.0,27444,4415,15,1,2214,34089.0,"7,69",34073.0,367.0,6.0
2018,2,chaco,"31,25",98509.0,12,98521.0,54134,40750,562,1946,1129,98521.0,"12,5",98290.0,2054.0,7.0
2018,2,chubut,"54,9",98137.0,2427,100564.0,58935,19591,1239,14070,6729,100564.0,"5,33",100533.0,806.0,7.0
2018,2,córdoba,"63,27",712979.0,94,713073.0,345141,327636,13832,16355,10109,713073.0,"13,88",710289.0,90.0,6.0
2018,2,corrientes,"33,81",97946.0,11,97957.0,56541,39715,201,1468,32,97957.0,"10,88",97960.0,1612.0,7.0
2018,2,entre ríos,"49,2",199937.0,48,199985.0,104811,80376,2405,12313,80,199985.0,"10,19",199439.0,1420.0,8.0
2018,2,formosa,"29,43",44554.0,,44554.0,23543,7311,18,13625,57,44554.0,"8,97",44546.0,2559.0,7.0
2018,2,jujuy,"23,43",45132.0,1,45133.0,33571,10856,23,640,43,45133.0,"6,29",45095.0,1385.0,7.0
2018,2,la pampa,"71,04",82177.0,244,82421.0,12416,53587,8420,7011,987,82421.0,"4,1",82344.0,2802.0,22.0
2018,2,la rioja,"50,98",51931.0,17,51948.0,16663,34984,13,253,35,51948.0,"5,59",51945.0,688.0,7.0
2018,2,mendoza,"36,97",199468.0,1484,200952.0,152938,36872,3084,6206,1852,200952.0,"5,88",200932.0,1246.0,14.0
2018,2,misiones,"31,63",106147.0,,106147.0,57265,47923,512,391,56,106147.0,"11,76",108699.0,1367.0,7.0
2018,2,neuquén,"60,24",113842.0,2006,115848.0,46633,52855,998,12649,2713,115848.0,"13,37",114668.0,2627.0,9.0
2018,2,río negro,"50,15",111176.0,1059,112235.0,68667,32795,1252,4396,5125,112235.0,"9,51",112129.0,2171.0,9.0
2018,2,salta,"39,94",134166.0,1,134167.0,78386,53478,678,234,1391,134167.0,"8,93",135006.0,1496.0,6.0
2018,2,san juan,"32,95",63443.0,658,64101.0,54080,5068,826,3079,1048,64101.0,"5,85",64073.0,1023.0,8.0
2018,2,san luis,"15,15",21168.0,300,21468.0,11104,7666,368,16,2314,21468.0,"5,9",21454.0,485.0,10.0
2018,2,santa cruz,"33,33",33970.0,435,34405.0,18615,4474,585,6734,3997,34405.0,"5,19",33772.0,1048.0,9.0
2018,2,santa fe,"62,57",684243.0,309,684552.0,337934,304349,11354,15801,15114,684552.0,"11,75",684591.0,1281.0,8.0
2018,2,santiago del estero,"35,26",83773.0,2,83775.0,26074,55935,23,1662,81,83775.0,"5,91",83770.0,2242.0,7.0
2018,2,tierra del fuego,"91,61",44199.0,508,44707.0,19372,22756,531,1,2047,44707.0,"5,94",43505.0,510.0,8.0
2018,2,tucumán,"41,51",169926.0,31,169957.0,160315,8965,110,252,315,169957.0,"13,51",169850.0,1006.0,5.0
2018,1,buenos aires,"62,63",3464882.0,10564,3475446.0,1452061,1793884,133928,64379,31194,3475446.0,"14,2",3471700.0,217.0,11.0
2018,1,capital federal,"106,24",1359882.0,6688,1366570.0,349995,968483,35535,3164,9393,1366570.0,"17,75",1368594.0,1849.0,18.0
2018,1,catamarca,"32,79",33934.0,11,33945.0,27300,4415,15,1,2214,33945.0,"8,2",33929.0,121.0,5.0
2018,1,chaco,"30,83",96925.0,12,96937.0,54879,40157,383,388,1130,96937.0,"12,44",96782.0,2073.0,9.0
2018,1,chubut,"53,72",95532.0,2427,97959.0,56375,19591,1194,14070,6729,97959.0,"5,42",97928.0,673.0,7.0
2018,1,córdoba,"63,52",713825.0,101,713926.0,349342,326894,13178,13237,11275,713926.0,"12,79",713991.0,1398.0,6.0
2018,1,corrientes,"32,66",94406.0,11,94417.0,56937,35225,888,1334,33,94417.0,"11,12",94420.0,2245.0,9.0
2018,1,entre ríos,"48,68",197346.0,48,197394.0,106998,75751,3789,10776,80,197394.0,"9,88",196848.0,2552.0,10.0
2018,1,formosa,"21,4",32328.0,- 0,32328.0,23556,7095,17,1603,57,32328.0,"11,06",32320.0,3876.0,10.0
2018,1,jujuy,"23,12",44405.0,1,44406.0,33856,10456,23,28,43,44406.0,"6,74",44393.0,445.0,4.0
2018,1,la pampa,"71,75",82668.0,396,83064.0,10807,51389,8386,10556,1926,83064.0,"4,0",82375.0,2369.0,10.0
2018,1,la rioja,"51,44",52228.0,17,52245.0,16960,34984,13,253,35,52245.0,"5,89",52242.0,32.0,5.0
2018,1,mendoza,"37,07",199463.0,1484,200947.0,152931,36872,3086,6206,1852,200947.0,"5,88",200927.0,1233.0,13.0
2018,1,misiones,"30,96",103580.0,- 0,103580.0,56311,46880,328,5,56,103580.0,"12,08",103542.0,1455.0,9.0
2018,1,neuquén,"61,52",115897.0,2006,117903.0,46714,55072,1000,12404,2713,117903.0,"11,96",116746.0,2420.0,9.0
2018,1,río negro,"49,82",110057.0,1062,111119.0,68769,31712,1251,4259,5128,111119.0,"8,98",111239.0,2808.0,10.0
2018,1,salta,"39,78",133182.0,1,133183.0,79936,51534,118,204,1391,133183.0,"9,19",134001.0,841.0,6.0
2018,1,san juan,"32,61",62610.0,658,63268.0,54080,5068,826,2246,1048,63268.0,"5,85",63240.0,96.0,7.0
2018,1,san luis,"15,15",21096.0,300,21396.0,11104,7594,368,16,2314,21396.0,"5,89",21382.0,413.0,9.0
2018,1,santa cruz,"33,55",33970.0,435,34405.0,18615,4474,1799,6734,2783,34405.0,"5,19",33772.0,1048.0,9.0
2018,1,santa fe,"62,28",679717.0,309,680026.0,341997,300421,10674,11636,15298,680026.0,"11,17",680053.0,537.0,7.0
2018,1,santiago del estero,"34,99",82916.0,2,82918.0,26788,54594,23,1432,81,82918.0,"6,25",84236.0,1855.0,6.0
2018,1,tierra del fuego,"65,2",31106.0,508,31614.0,19372,9663,531,1,2047,31614.0,"5,77",34409.0,326.0,6.0
2018,1,tucumán,"41,18",168026.0,31,168057.0,158611,8921,107,368,50,168057.0,"9,36",167984.0,389.0,6.0
2017,4,buenos aires,"57,61",3171206.0,10690,3181896.0,1241172,1718013,131181,60082,31448,3181896.0,"12,97",3188332.0,218.0,11.0
2017,4,capital federal,"122,9",1575418.0,6906,1582324.0,571363,961688,36277,3119,9877,1582324.0,"15,2",1584238.0,2804.0,16.0
2017,4,catamarca,"28,62",29548.0,10,29558.0,27083,263,11,1,2200,29558.0,"7,78",29558.0,321.0,6.0
2017,4,chaco,"30,81",96603.0,12,96615.0,55035,39690,389,380,1121,96615.0,"11,7",96471.0,2201.0,10.0
2017,4,chubut,"51,46",91012.0,2428,93440.0,56378,15097,1187,14070,6708,93440.0,"5,41",93432.0,676.0,8.0
2017,4,córdoba,"63,33",709874.0,105,709979.0,349710,324709,12778,12043,10739,709979.0,"11,64",700611.0,428.0,5.0
2017,4,corrientes,"32,52",93760.0,11,93771.0,56786,34722,894,1334,35,93771.0,"10,38",93771.0,2412.0,9.0
2017,4,entre ríos,"47,89",193654.0,49,193703.0,107764,73692,1894,10267,86,193703.0,"9,3",193499.0,1678.0,8.0
2017,4,formosa,"21,27",32056.0,- 0,32056.0,23410,6973,19,1603,51,32056.0,"10,11",32055.0,2496.0,10.0
2017,4,jujuy,"22,74",43551.0,1,43552.0,33844,9626,20,28,34,43552.0,"6,64",43550.0,453.0,5.0
2017,4,la pampa,"71,05",81675.0,396,82071.0,10808,50495,8272,10569,1927,82071.0,"3,98",81086.0,1670.0,10.0
2017,4,la rioja,"51,57",52177.0,17,52194.0,16912,34984,14,253,31,52194.0,"5,88",52195.0,37.0,5.0
2017,4,mendoza,"33,33",178661.0,1490,180151.0,152896,16114,3015,6206,1920,180151.0,"5,71",180154.0,1115.0,12.0
2017,4,misiones,"31,14",103895.0,- 0,103895.0,56271,47470,95,5,54,103895.0,"11,32",103895.0,1499.0,8.0
2017,4,neuquén,"61,24",114965.0,2006,116971.0,46739,54119,1017,12404,2692,116971.0,"10,72",115843.0,2462.0,9.0
2017,4,río negro,"49,38",108702.0,1062,109764.0,68690,30451,1250,4259,5114,109764.0,"8,05",109678.0,2952.0,11.0
2017,4,salta,"39,8",132811.0,1,132812.0,80705,50446,127,158,1376,132812.0,"8,45",133648.0,1540.0,8.0
2017,4,san juan,"30,3",57965.0,659,58624.0,54079,451,812,2246,1036,58624.0,"5,83",58622.0,94.0,7.0
2017,4,san luis,"10,59",14604.0,300,14904.0,11104,1119,335,17,2329,14904.0,"5,73",14900.0,182.0,9.0
2017,4,santa cruz,"28,91",29018.0,434,29452.0,18614,1668,582,4638,3950,29452.0,"5,21",29978.0,1048.0,9.0
2017,4,santa fe,"61,71",672137.0,323,672460.0,341680,293831,10602,10965,15382,672460.0,"10,3",671964.0,537.0,7.0
2017,4,santiago del estero,"29,13",68842.0,2,68844.0,27313,40407,19,1025,80,68844.0,"6,17",68842.0,1027.0,7.0
2017,4,tierra del fuego,"59,89",28346.0,508,28854.0,19372,6906,530,1,2045,28854.0,"5,2",31652.0,323.0,6.0
2017,4,tucumán,"39,9",162298.0,34,162332.0,156583,5223,105,102,319,162332.0,"9,11",162248.0,350.0,5.0
2017,3,buenos aires,"55,63",3046758.0,11202,3057960.0,1288025,1571180,124920,35058,38777,3057960.0,"8,43",3028468.0,,
2017,3,capital federal,"121,86",1563289.0,7070,1570359.0,583249,941092,33481,2814,9723,1570359.0,"10,64",1575199.0,,
2017,3,catamarca,"32,49",33467.0,11,33478.0,26873,4411,12,1,2181,33478.0,"5,26",27011.0,,
2017,3,chaco,"29,98",93747.0,12,93759.0,54888,37307,456,36,1072,93759.0,"8,48",92796.0,,
2017,3,chubut,"46,22",81067.0,2477,83544.0,56359,5645,1217,13503,6820,83544.0,"3,48",78607.0,,
2017,3,córdoba,"62,31",696536.0,108,696644.0,344580,319360,10579,7137,14988,696644.0,"9,12",679929.0,,
2017,3,corrientes,"32,17",92536.0,12,92548.0,56247,33993,947,1334,27,92548.0,"7,45",92561.0,,
2017,3,entre ríos,"45,96",185414.0,50,185464.0,107774,69596,1786,6245,63,185464.0,"6,99",185501.0,,
2017,3,formosa,"21,35",32105.0,- 0,32105.0,22647,6816,428,2202,12,32105.0,"7,07",31132.0,,
2017,3,jujuy,"22,65",43241.0,1,43242.0,33796,9395,20,23,8,43242.0,"4,69",43269.0,,
2017,3,la pampa,"69,14",79280.0,410,79690.0,11378,49679,5153,11536,1944,79690.0,"3,44",75202.0,,
2017,3,la rioja,"51,47",51896.0,17,51913.0,16638,34984,14,252,25,51913.0,"5,01",51924.0,,
2017,3,mendoza,"35,7",190958.0,1533,192491.0,154036,33788,2772,29,1866,192491.0,"3,51",158818.0,,
2017,3,misiones,"30,21",100476.0,- 0,100476.0,56472,43880,110,5,9,100476.0,"8,43",100526.0,,
2017,3,neuquén,"60,83",113755.0,2029,115784.0,48001,52468,1044,11576,2695,115784.0,"8,17",109276.0,,
2017,3,río negro,"48,52",106393.0,1103,107496.0,69301,30018,1106,3054,4017,107496.0,"5,49",105009.0,,
2017,3,salta,"39,84",132517.0,1,132518.0,80782,50284,127,158,1167,132518.0,"6,13",133400.0,,
2017,3,san juan,"32,37",61789.0,660,62449.0,54499,5068,816,1053,1013,62449.0,"3,45",58695.0,,
2017,3,san luis,"15,48",21408.0,311,21719.0,11407,7576,347,26,2363,21719.0,"3,5",12406.0,,
2017,3,santa cruz,"33,29",33222.0,468,33690.0,19220,5487,1544,4552,2887,33690.0,"3,61",29955.0,,
2017,3,santa fe,"60,91",662086.0,256,662342.0,322953,290655,6338,4897,37499,662342.0,"7,79",624462.0,,
2017,3,santiago del estero,"35,12",82792.0,2,82794.0,27733,54096,19,911,35,82794.0,"5,18",65360.0,,
2017,3,tierra del fuego,"65,74",30883.0,583,31466.0,21587,7012,622,1,2244,31466.0,"3,48",34164.0,,
2017,3,tucumán,"39,7",160979.0,33,161012.0,154130,6431,106,40,305,161012.0,"6,39",159959.0,,
2017,2,buenos aires,"56,27",3067430.0,11201,3078631.0,1378549,1535037,119132,21555,24358,3078631.0,"7,2",2976720.0,,
2017,2,capital federal,"124,06",1592175.0,8016,1600191.0,615262,932466,38628,2819,11016,1600191.0,"8,84",1564194.0,,
2017,2,catamarca,"25,98",26692.0,13,26705.0,26401,255,14,1,34,26705.0,"5,1",26703.0,,
2017,2,chaco,"29,05",90597.0,14,90611.0,54449,35613,458,52,39,90611.0,"7,69",90609.0,,
2017,2,chubut,"35,55",62245.0,1730,63975.0,43994,1067,916,13194,4804,63975.0,"3,45",80229.0,,
2017,2,córdoba,"58,97",657505.0,133,657638.0,341748,303488,4451,6446,1505,657638.0,"7,42",658560.0,,
2017,2,corrientes,"31,39",90085.0,12,90097.0,55262,33192,258,1354,31,90097.0,"6,79",90094.0,,
2017,2,entre ríos,"45,39",182675.0,57,182732.0,108309,67650,254,6448,71,182732.0,"6,29",182797.0,,
2017,2,formosa,"19,97",29956.0,- 0,29956.0,22493,6410,17,1023,13,29956.0,"6,18",29958.0,,
2017,2,jujuy,"22,4",42656.0,1,42657.0,33742,8858,22,0,35,42657.0,"4,54",42658.0,,
2017,2,la pampa,"63,49",72573.0,449,73022.0,12754,48310,5194,6253,511,73022.0,"3,32",69193.0,,
2017,2,la rioja,"16,2",16271.0,18,16289.0,16244,0,15,2,28,16289.0,"5,53",16288.0,,
2017,2,mendoza,"31,76",169302.0,1451,170753.0,153331,13030,2581,27,1784,170753.0,"3,51",177505.0,,
2017,2,misiones,"30,09",99794.0,- 0,99794.0,56752,42925,103,5,9,99794.0,"7,6",99796.0,,
2017,2,neuquén,"61,91",115321.0,2112,117433.0,51794,50283,1133,11545,2678,117433.0,"6,7",109586.0,,
2017,2,río negro,"46,02",100621.0,998,101619.0,67038,29147,961,3213,1260,101619.0,"4,74",105379.0,,
2017,2,salta,"32,74",108540.0,1,108541.0,80184,27280,115,158,804,108541.0,"5,76",108551.0,,
2017,2,san juan,"26,96",51261.0,620,51881.0,48670,451,772,1073,915,51881.0,"3,49",58800.0,,
2017,2,san luis,"9,51",12992.0,315,13307.0,11432,1120,354,26,375,13307.0,"3,5",14029.0,,
2017,2,santa cruz,"26,25",26019.0,369,26388.0,15311,2722,1365,4735,2255,26388.0,"3,6",31765.0,,
2017,2,santa fe,"52,27",566918.0,362,567280.0,329813,228102,3234,4958,1173,567280.0,"6,84",567004.0,,
2017,2,santiago del estero,"14,12",33194.0,2,33196.0,28337,3900,19,911,29,33196.0,"5,06",33199.0,,
2017,2,tierra del fuego,"68,46",31938.0,619,32557.0,22636,6905,665,1,2350,32557.0,"3,48",35710.0,,
2017,2,tucumán,"38,19",154374.0,37,154411.0,149013,5223,116,14,45,154411.0,"6,09",154390.0,,
2017,1,buenos aires,"58,57",3178174.0,11202,3189376.0,1559178,1465817,118839,21200,24342,3189376.0,"6,68",3186724.0,,
2017,1,capital federal,"108,37",1391030.0,8016,1399046.0,428801,918328,38259,2730,10928,1399046.0,"8,35",1262940.0,,
2017,1,catamarca,"25,66",26304.0,13,26317.0,26020,248,14,1,34,26317.0,"4,97",26315.0,,
2017,1,chaco,"28,62",89036.0,14,89050.0,54430,34277,252,52,39,89050.0,"7,31",89047.0,,
2017,1,chubut,"35,66",62166.0,1730,63896.0,43994,999,916,13194,4793,63896.0,"3,44",80150.0,,
2017,1,córdoba,"57,65",641066.0,133,641199.0,335673,293479,4871,5782,1394,641199.0,"6,8",642098.0,,
2017,1,corrientes,"30,94",88596.0,12,88608.0,54993,31994,236,1354,31,88608.0,"6,43",88605.0,,
2017,1,entre ríos,"44,91",180296.0,57,180353.0,108509,65095,230,6448,71,180353.0,"5,95",180418.0,,
2017,1,formosa,"19,84",29705.0,- 0,29705.0,22438,6215,16,1023,13,29705.0,"5,74",29707.0,,
2017,1,jujuy,"22,76",43202.0,1,43203.0,33869,9278,22,0,34,43203.0,"4,39",43203.0,,
2017,1,la pampa,"62,67",71458.0,455,71913.0,12754,47195,5194,6253,517,71913.0,"3,22",68079.0,,
2017,1,la rioja,"16,2",16207.0,18,16225.0,16180,0,15,2,28,16225.0,"5,43",16224.0,,
2017,1,mendoza,"31,84",169282.0,1451,170733.0,153326,13030,2581,27,1769,170733.0,"3,51",177485.0,,
2017,1,misiones,"29,52",97619.0,- 0,97619.0,57363,40142,101,5,8,97619.0,"7,34",97621.0,,
2017,1,neuquén,"61,02",113227.0,2112,115339.0,51771,48109,1124,11665,2670,115339.0,"6,03",107491.0,,
2017,1,río negro,"46,03",100288.0,1000,101288.0,67075,28785,954,3213,1261,101288.0,"4,45",105033.0,,
2017,1,salta,"32,58",107632.0,1,107633.0,79837,26845,114,158,679,107633.0,"5,34",107643.0,,
2017,1,san juan,"27,04",51253.0,620,51873.0,48670,451,772,1073,907,51873.0,"3,49",58792.0,,
2017,1,san luis,"9,55",12992.0,315,13307.0,11432,1120,354,26,375,13307.0,"3,5",14029.0,,
2017,1,santa cruz,"26,52",26116.0,370,26486.0,15502,2722,1272,4733,2257,26486.0,"3,59",31863.0,,
2017,1,santa fe,"51,97",562520.0,362,562882.0,327458,226094,3210,4948,1172,562882.0,"6,28",562613.0,,
2017,1,santiago del estero,"14,7",34473.0,2,34475.0,29616,3900,19,911,29,34475.0,"4,95",34478.0,,
2017,1,tierra del fuego,"68,92",31938.0,619,32557.0,22636,6905,665,1,2350,32557.0,"3,48",35710.0,,
2017,1,tucumán,"37,9",152734.0,37,152771.0,147373,5223,116,14,45,152771.0,"5,88",152750.0,,
2016,4,buenos aires,"61,24",3131499.0,11202,3142701.0,1563542,1414676,118747,21394,24342,3142701.0,"6,35",3138541.0,,
2016,4,capital federal,"120,63",1393443.0,8016,1401459.0,434835,914952,38161,2583,10928,1401459.0,"7,96",1266885.0,,
2016,4,catamarca,"26,54",27021.0,13,27034.0,26735,250,14,1,34,27034.0,"4,89",27032.0,,
2016,4,chaco,"28,79",88833.0,14,88847.0,54974,33534,248,52,39,88847.0,"7,08",88854.0,,
2016,4,chubut,"36,07",62035.0,1730,63765.0,43994,955,916,13107,4793,63765.0,"3,41",80197.0,,
2016,4,córdoba,"57,7",636422.0,133,636555.0,337368,289344,3368,5686,789,636555.0,"6,47",637473.0,,
2016,4,corrientes,"30,98",88084.0,12,88096.0,54981,31497,233,1354,31,88096.0,"6,24",88093.0,,
2016,4,entre ríos,"45,21",180188.0,57,180245.0,109359,64141,226,6448,71,180245.0,"5,81",180310.0,,
2016,4,formosa,"19,85",29513.0,- 0,29513.0,22400,6061,16,1023,13,29513.0,"5,63",29518.0,,
2016,4,jujuy,"22,65",42624.0,1,42625.0,33838,8731,22,0,34,42625.0,"4,32",42626.0,,
2016,4,la pampa,"63,02",71368.0,460,71828.0,12754,47245,5054,6253,522,71828.0,"3,19",67345.0,,
2016,4,la rioja,"16,46",16298.0,18,16316.0,16270,0,16,2,28,16316.0,"5,34",16315.0,,
2016,4,mendoza,"32,11",169274.0,1451,170725.0,153320,13030,2579,27,1769,170725.0,"3,51",177477.0,,
2016,4,misiones,"29,72",97390.0,- 0,97390.0,57983,39294,100,5,8,97390.0,"7,11",97392.0,,
2016,4,neuquén,"60,87",111723.0,2112,113835.0,51742,46389,1124,11910,2670,113835.0,"5,68",106093.0,,
2016,4,río negro,"46,39",100020.0,1000,101020.0,67057,28474,954,3274,1261,101020.0,"4,37",104779.0,,
2016,4,salta,"32,69",106934.0,1,106935.0,79389,26657,110,158,621,106935.0,"5,22",106947.0,,
2016,4,san juan,"27,29",51301.0,620,51921.0,48670,451,772,1121,907,51921.0,"3,49",58840.0,,
2016,4,san luis,"9,64",12992.0,315,13307.0,11432,1120,354,26,375,13307.0,"3,5",14029.0,,
2016,4,santa cruz,"27,05",26094.0,370,26464.0,15607,2722,1055,4823,2257,26464.0,"3,56",32013.0,,
2016,4,santa fe,"52,19",561470.0,362,561832.0,326721,225792,3201,4946,1172,561832.0,"6,04",561542.0,,
2016,4,santiago del estero,"15,07",35049.0,2,35051.0,30192,3900,19,911,29,35051.0,"4,87",35054.0,,
2016,4,tierra del fuego,"70,31",31938.0,619,32557.0,22636,6905,665,1,2350,32557.0,"3,48",35710.0,,
2016,4,tucumán,"37,98",151615.0,37,151652.0,146995,4482,116,14,45,151652.0,"5,73",151631.0,,
2016,3,buenos aires,"60,14",3075387.0,11205,3086592.0,1574216,1355770,113463,18867,24276,3086592.0,"5,91",3121140.0,,
2016,3,capital federal,"120,77",1395053.0,8051,1403104.0,447726,905105,36796,2514,10963,1403104.0,"7,38",1261686.0,,
2016,3,catamarca,"26,48",26957.0,13,26970.0,26689,248,14,1,18,26970.0,"4,73",26984.0,,
2016,3,chaco,"28,91",89216.0,14,89230.0,56251,32730,232,2,15,89230.0,"6,72",89416.0,,
2016,3,chubut,"36,18",62222.0,1730,63952.0,43987,935,916,13364,4750,63952.0,"3,34",80705.0,,
2016,3,córdoba,"58,24",642458.0,133,642591.0,348481,285480,2540,5695,395,642591.0,"6,07",644678.0,,
2016,3,corrientes,"31,07",88328.0,12,88340.0,55934,30813,217,1354,22,88340.0,"5,96",88346.0,,
2016,3,entre ríos,"45,44",181092.0,57,181149.0,112588,61850,206,6441,64,181149.0,"5,59",181226.0,,
2016,3,formosa,"18,64",27716.0,- 0,27716.0,21800,5905,9,0,2,27716.0,"5,42",29861.0,,
2016,3,jujuy,"22,61",42537.0,1,42538.0,34250,8236,22,0,30,42538.0,"4,22",42541.0,,
2016,3,la pampa,"61,73",69903.0,461,70364.0,12751,45952,4910,6236,515,70364.0,"3,14",66717.0,,
2016,3,la rioja,"17,07",16912.0,18,16930.0,16891,0,15,2,22,16930.0,"5,08",16935.0,,
2016,3,mendoza,"32,09",169174.0,1450,170624.0,153233,13030,2576,28,1757,170624.0,"3,51",178376.0,,
2016,3,misiones,"29,91",97997.0,- 0,97997.0,59776,38130,79,5,7,97997.0,"6,74",97998.0,,
2016,3,neuquén,"60,21",110491.0,2112,112603.0,51752,44739,1093,12402,2617,112603.0,"5,29",106026.0,,
2016,3,río negro,"46,39",100024.0,1002,101026.0,67043,28496,942,3293,1252,101026.0,"4,16",104771.0,,
2016,3,salta,"32,96",107790.0,1,107791.0,80866,26113,90,157,565,107791.0,"5,05",107818.0,,
2016,3,san juan,"27,32",51348.0,620,51968.0,48670,451,770,1174,903,51968.0,"3,49",58832.0,,
2016,3,san luis,"9,63",12978.0,315,13293.0,11432,1113,354,23,371,13293.0,"3,5",14091.0,,
2016,3,santa cruz,"26,84",25886.0,371,26257.0,15570,2722,817,4978,2170,26257.0,"3,54",32397.0,,
2016,3,santa fe,"52,67",566625.0,386,567011.0,334911,223011,3037,4862,1190,567011.0,"5,68",568104.0,,
2016,3,santiago del estero,"15,33",35658.0,2,35660.0,31730,3900,19,3,8,35660.0,"4,67",36592.0,,
2016,3,tierra del fuego,"68,94",31306.0,619,31925.0,22636,6276,665,1,2347,31925.0,"3,48",35381.0,,
2016,3,tucumán,"37,9",151282.0,37,151319.0,147259,3850,116,53,41,151319.0,"5,54",151304.0,,
2016,2,buenos aires,"59,34",3032776.0,12515,3045291.0,1579448,1305949,113070,21163,25661,3045291.0,"5,42",3108515.0,,
2016,2,capital federal,"120,04",1384824.0,9760,1394584.0,450644,892209,36669,2390,12672,1394584.0,"6,58",1257302.0,,
2016,2,catamarca,"26,07",26543.0,13,26556.0,26262,245,14,1,34,26556.0,"4,36",26604.0,,
2016,2,chaco,"28,59",88235.0,16,88251.0,56112,31825,221,52,41,88251.0,"6,3",88291.0,,
2016,2,chubut,"36,12",62116.0,1740,63856.0,43977,867,916,13293,4803,63856.0,"3,34",79846.0,,
2016,2,córdoba,"57,55",634680.0,234,634914.0,348891,277615,1709,5610,1089,634914.0,"5,52",659050.0,,
2016,2,corrientes,"30,58",86932.0,24,86956.0,55511,29845,203,1354,43,86956.0,"5,6",87020.0,,
2016,2,entre ríos,"44,74",178194.0,179,178373.0,112809,58768,169,6434,193,178373.0,"5,13",189595.0,,
2016,2,formosa,"19,37",28801.0,1,28802.0,22101,5658,6,1023,14,28802.0,"5,1",28836.0,,
2016,2,jujuy,"21,89",41187.0,2,41189.0,33758,7374,22,0,35,41189.0,"3,84",43496.0,,
2016,2,la pampa,"60,44",68403.0,485,68888.0,12754,44654,4708,6225,547,68888.0,"3,15",75214.0,,
2016,2,la rioja,"16,88",16718.0,18,16736.0,16691,0,15,2,28,16736.0,"4,77",16746.0,,
2016,2,mendoza,"32,13",169274.0,1550,170824.0,153321,13030,2576,29,1868,170824.0,"3,5",177519.0,,
2016,2,misiones,"29,24",95808.0,7,95815.0,59573,36145,77,5,15,95815.0,"6,23",96832.0,,
2016,2,neuquén,"59,1",108224.0,2291,110515.0,51742,42370,1088,12466,2849,110515.0,"4,87",104778.0,,
2016,2,río negro,"46,24",99631.0,1073,100704.0,67031,28100,939,3300,1334,100704.0,"3,98",105131.0,,
2016,2,salta,"32,08",104929.0,3,104932.0,79438,24719,85,151,539,104932.0,"4,75",109235.0,,
2016,2,san juan,"27,34",51392.0,621,52013.0,48670,451,770,1214,908,52013.0,"3,49",57876.0,,
2016,2,san luis,"9,6",12939.0,317,13256.0,11432,1063,354,30,377,13256.0,"3,5",13950.0,,
2016,2,santa cruz,"26,73",25797.0,356,26153.0,15453,2722,396,4996,2586,26153.0,"3,5",32427.0,,
2016,2,santa fe,"52,44",563867.0,607,564474.0,336244,219088,2981,4744,1417,564474.0,"5,14",588531.0,,
2016,2,santiago del estero,"15,89",36958.0,3,36961.0,32101,3900,19,911,30,36961.0,"4,31",37669.0,,
2016,2,tierra del fuego,"67,72",30740.0,619,31359.0,22636,5707,665,1,2350,31359.0,"3,48",39075.0,,
2016,2,tucumán,"37,24",148636.0,41,148677.0,145486,2968,116,58,49,148677.0,"5,2",148926.0,,
2016,1,buenos aires,"57,34",2929903.0,12612,2942515.0,1583560,1200859,111231,21108,25757,2942515.0,"4,99",2875136.0,,
2016,1,capital federal,"115,16",1328079.0,9817,1337896.0,454425,832126,36332,2284,12729,1337896.0,"6,05",1303768.0,,
2016,1,catamarca,"25,91",26376.0,13,26389.0,26096,243,15,1,34,26389.0,"4,2",26388.0,,
2016,1,chaco,"28,08",86635.0,16,86651.0,56353,29994,211,52,41,86651.0,"5,99",86650.0,,
2016,1,chubut,"36,09",62060.0,1740,63800.0,43967,834,916,13280,4803,63800.0,"3,38",78651.0,,
2016,1,córdoba,"55,28",609692.0,234,609926.0,350884,252346,674,5636,386,609926.0,"5,16",611484.0,,
2016,1,corrientes,"30,08",85510.0,26,85536.0,55454,28491,192,1354,45,85536.0,"5,37",85534.0,,
2016,1,entre ríos,"43,85",174634.0,179,174813.0,113101,54948,146,6425,193,174813.0,"5,08",174533.0,,
2016,1,formosa,"19,04",28313.0,1,28314.0,21852,5420,5,1023,14,28314.0,"4,87",28316.0,,
2016,1,jujuy,"21,41",40287.0,2,40289.0,33481,6751,22,0,35,40289.0,"3,77",40295.0,,
2016,1,la pampa,"57,84",65442.0,487,65929.0,12754,41881,4536,6209,549,65929.0,"3,05",63783.0,,
2016,1,la rioja,"16,83",16673.0,18,16691.0,16645,0,16,2,28,16691.0,"4,62",16691.0,,
2016,1,mendoza,"32,12",169257.0,1553,170810.0,153299,13030,2576,34,1871,170810.0,"3,5",175744.0,,
2016,1,misiones,"28,37",92951.0,7,92958.0,59538,33330,70,5,15,92958.0,"6,0",92927.0,,
2016,1,neuquén,"55,75",101969.0,2292,104261.0,51702,36122,1085,12502,2850,104261.0,"4,42",98453.0,,
2016,1,río negro,"45,84",98745.0,1077,99822.0,66894,27312,937,3341,1338,99822.0,"3,83",101921.0,,
2016,1,salta,"31,32",102423.0,3,102426.0,78973,22741,73,132,507,102426.0,"4,74",102071.0,,
2016,1,san juan,"27,33",51373.0,621,51994.0,48670,451,770,1195,908,51994.0,"3,49",56767.0,,
2016,1,san luis,"9,59",12915.0,317,13232.0,11432,1042,354,27,377,13232.0,"3,5",13660.0,,
2016,1,santa cruz,"26,87",25931.0,356,26287.0,15654,2723,396,5088,2426,26287.0,"3,48",32393.0,,
2016,1,santa fe,"51,28",551378.0,618,551996.0,338052,204816,3014,4686,1428,551996.0,"4,9",551809.0,,
2016,1,santiago del estero,"16,21",37695.0,3,37698.0,32838,3900,19,911,30,37698.0,"4,17",38394.0,,
2016,1,tierra del fuego,"65,83",29867.0,619,30486.0,22636,4834,665,1,2350,30486.0,"3,48",33304.0,,
2016,1,tucumán,"36,72",146596.0,41,146637.0,144233,2165,116,74,49,146637.0,"5,0",146613.0,,
2015,4,buenos aires,"58,29",2946743.0,12642,2959385.0,1586343,1223603,103269,20397,25773,2959385.0,"4,88",2888246.0,,
2015,4,capital federal,"118,13",1360381.0,9845,1370226.0,455427,879950,19818,2273,12758,1370226.0,"5,93",1350450.0,,
2015,4,catamarca,"26,24",26459.0,13,26472.0,26180,242,15,1,34,26472.0,"4,12",26471.0,,
2015,4,chaco,"28,35",86537.0,16,86553.0,56818,29456,186,52,41,86553.0,"5,83",86553.0,,
2015,4,chubut,"36,89",62279.0,1740,64019.0,43968,811,916,13521,4803,64019.0,"3,28",78448.0,,
2015,4,córdoba,"57,36",625835.0,235,626070.0,353530,266062,480,5613,385,626070.0,"5,07",625929.0,,
2015,4,corrientes,"30,34",85409.0,26,85435.0,55681,28178,177,1354,45,85435.0,"5,26",85433.0,,
2015,4,entre ríos,"44,11",173957.0,180,174137.0,113983,53411,122,6427,194,174137.0,"5,01",174191.0,,
2015,4,formosa,"19,07",28088.0,1,28089.0,21734,5314,4,1023,14,28089.0,"4,66",28091.0,,
2015,4,jujuy,"21,47",39922.0,2,39924.0,32934,6933,22,0,35,39924.0,"3,72",39925.0,,
2015,4,la pampa,"58,76",66054.0,312,66366.0,12755,42705,4327,6205,374,66366.0,"2,94",62479.0,,
2015,4,la rioja,"17,32",16914.0,18,16932.0,16886,0,16,2,28,16932.0,"4,52",16932.0,,
2015,4,mendoza,"32,49",169251.0,1556,170807.0,153293,13030,2572,38,1874,170807.0,"3,5",175080.0,,
2015,4,misiones,"28,69",92846.0,7,92853.0,60252,32533,48,5,15,92853.0,"5,9",92855.0,,
2015,4,neuquén,"58,29",105122.0,2294,107416.0,51680,38902,1048,12934,2852,107416.0,"4,36",102039.0,,
2015,4,río negro,"46,44",98655.0,1067,99722.0,66851,27221,915,3407,1328,99722.0,"3,77",101122.0,,
2015,4,salta,"31,59",101917.0,3,101920.0,78744,22446,47,129,554,101920.0,"4,67",101936.0,,
2015,4,san juan,"27,66",51408.0,621,52029.0,48670,451,770,1230,908,52029.0,"3,48",56158.0,,
2015,4,san luis,"9,71",12901.0,317,13218.0,11432,1025,354,30,377,13218.0,"3,5",13488.0,,
2015,4,santa cruz,"27,74",26047.0,356,26403.0,15614,2723,396,5261,2409,26403.0,"3,48",32555.0,,
2015,4,santa fe,"52,61",561045.0,627,561672.0,339843,212911,2885,4596,1437,561672.0,"4,81",560204.0,,
2015,4,santiago del estero,"17,0",39132.0,3,39135.0,33582,4365,19,1139,30,39135.0,"4,09",39138.0,,
2015,4,tierra del fuego,"66,46",29334.0,619,29953.0,22636,4301,665,1,2350,29953.0,"3,47",32963.0,,
2015,4,tucumán,"37,06",146053.0,42,146095.0,144188,1653,116,88,50,146095.0,"4,88",146080.0,,
2015,3,buenos aires,"57,69",2916070.0,12695,2928765.0,1585467,1183894,113590,19989,25825,2928765.0,"4,7",2856078.0,,
2015,3,capital federal,"118,29",1362193.0,9875,1372068.0,454815,871262,30974,2229,12788,1372068.0,"5,66",1341574.0,,
2015,3,catamarca,"25,86",26080.0,13,26093.0,25801,242,15,1,34,26093.0,"3,88",26091.0,,
2015,3,chaco,"27,96",85354.0,16,85370.0,56282,28809,186,52,41,85370.0,"5,47",85374.0,,
2015,3,chubut,"36,81",62143.0,1740,63883.0,43964,792,916,13408,4803,63883.0,"3,28",78362.0,,
2015,3,córdoba,"57,08",622761.0,237,622998.0,351692,264055,1450,5412,389,622998.0,"4,87",622813.0,,
2015,3,corrientes,"30,17",84931.0,28,84959.0,55792,27604,176,1340,47,84959.0,"5,06",84959.0,,
2015,3,entre ríos,"43,68",172252.0,182,172434.0,113909,51945,122,6261,197,172434.0,"4,77",172487.0,,
2015,3,formosa,"18,84",27751.0,1,27752.0,21573,5264,2,899,14,27752.0,"4,17",27751.0,,
2015,3,jujuy,"21,27",39548.0,2,39550.0,32598,6895,22,0,35,39550.0,"3,53",39550.0,,
2015,3,la pampa,"57,96",64976.0,495,65471.0,12755,41886,4078,6195,557,65471.0,"2,91",61473.0,,
2015,3,la rioja,"17,15",16753.0,18,16771.0,16725,0,16,2,28,16771.0,"4,25",16771.0,,
2015,3,mendoza,"32,49",169261.0,1562,170823.0,153299,13030,2572,42,1880,170823.0,"3,5",173792.0,,
2015,3,misiones,"28,31",91615.0,7,91622.0,59921,31635,46,5,15,91622.0,"5,63",91624.0,,
2015,3,neuquén,"54,6",98376.0,2240,100616.0,47102,36620,1045,13051,2798,100616.0,"4,23",95867.0,,
2015,3,río negro,"46,39",98529.0,1085,99614.0,66806,27130,917,3415,1346,99614.0,"3,74",100508.0,,
2015,3,salta,"31,18",100570.0,3,100573.0,78064,21688,47,129,645,100573.0,"4,42",100589.0,,
2015,3,san juan,"27,67",51409.0,621,52030.0,48670,451,770,1231,908,52030.0,"3,48",55365.0,,
2015,3,san luis,"9,71",12902.0,317,13219.0,11432,1025,354,31,377,13219.0,"3,5",13302.0,,
2015,3,santa cruz,"27,61",25912.0,359,26271.0,15540,2718,396,5226,2391,26271.0,"3,48",32483.0,,
2015,3,santa fe,"52,15",556097.0,641,556738.0,337042,209673,4169,4426,1428,556738.0,"4,56",555766.0,,
2015,3,santiago del estero,"17,12",39394.0,3,39397.0,33886,4365,19,1097,30,39397.0,"3,91",39398.0,,
2015,3,tierra del fuego,"74,86",33118.0,619,33737.0,22636,8085,665,1,2350,33737.0,"3,48",36710.0,,
2015,3,tucumán,"36,61",144272.0,42,144314.0,142925,1135,116,88,50,144314.0,"4,57",144301.0,,
2015,2,buenos aires,"56,8",2871079.0,12711,2883790.0,1581770,1141052,115660,19268,26040,2883790.0,"4,46",2857754.0,,
2015,2,capital federal,"116,07",1336391.0,9893,1346284.0,453178,858342,19786,2172,12806,1346284.0,"5,31",1346690.0,,
2015,2,catamarca,"25,45",25666.0,13,25679.0,25387,242,15,1,34,25679.0,"3,68",25678.0,,
2015,2,chaco,"27,46",83832.0,16,83848.0,55767,27809,179,52,41,83848.0,"5,19",83846.0,,
2015,2,chubut,"36,58",61745.0,1740,63485.0,43949,762,916,13055,4803,63485.0,"3,22",62647.0,,
2015,2,córdoba,"55,87",609510.0,236,609746.0,348130,255596,435,5199,386,609746.0,"4,56",611835.0,,
2015,2,corrientes,"29,58",83288.0,28,83316.0,55238,26553,157,1321,47,83316.0,"4,85",83319.0,,
2015,2,entre ríos,"42,93",169309.0,183,169492.0,113378,49767,119,6031,197,169492.0,"4,55",169543.0,,
2015,2,formosa,"18,36",27013.0,37,27050.0,21097,5164,2,737,50,27050.0,"3,76",27053.0,,
2015,2,jujuy,"20,29",37720.0,2,37722.0,32183,5482,22,0,35,37722.0,"3,41",37723.0,,
2015,2,la pampa,"56,71",63552.0,500,64052.0,12756,40825,3719,6190,562,64052.0,"2,86",60240.0,,
2015,2,la rioja,"16,88",16491.0,18,16509.0,16463,0,16,2,28,16509.0,"4,0",16509.0,,
2015,2,mendoza,"32,49",169259.0,1564,170823.0,153301,13030,2572,38,1882,170823.0,"3,5",170821.0,,
2015,2,misiones,"27,35",88512.0,7,88519.0,59179,29283,37,5,15,88519.0,"5,33",88524.0,,
2015,2,neuquén,"53,12",95644.0,2241,97885.0,47078,34183,1044,12781,2799,97885.0,"4,06",92324.0,,
2015,2,río negro,"45,98",97640.0,1087,98727.0,66738,26268,916,3457,1348,98727.0,"3,67",98689.0,,
2015,2,salta,"30,46",98264.0,3,98267.0,77214,20297,47,129,580,98267.0,"4,22",98269.0,,
2015,2,san juan,"27,64",51367.0,621,51988.0,48670,451,770,1189,908,51988.0,"3,48",51988.0,,
2015,2,san luis,"9,71",12904.0,317,13221.0,11432,1025,354,33,377,13221.0,"3,5",13220.0,,
2015,2,santa cruz,"27,07",25384.0,379,25763.0,15343,2707,396,4917,2400,25763.0,"3,47",25756.0,,
2015,2,santa fe,"51,18",545739.0,649,546388.0,333117,204685,2877,4320,1389,546388.0,"4,3",547253.0,,
2015,2,santiago del estero,"17,11",39375.0,3,39378.0,33873,4365,19,1091,30,39378.0,"3,73",39379.0,,
2015,2,tierra del fuego,"74,51",32960.0,619,33579.0,22636,7927,665,1,2350,33579.0,"3,48",36375.0,,
2015,2,tucumán,"35,69",140635.0,42,140677.0,139944,479,116,88,50,140677.0,"4,31",140670.0,,
2015,1,buenos aires,"56,37",2847076.0,14766,2861842.0,1583135,1096836,134177,18754,28940,2861842.0,"4,32",2754612.0,,
2015,1,capital federal,"114,9",1321139.0,11582,1332721.0,454934,841743,19334,1994,14716,1332721.0,"5,0",1333455.0,,
2015,1,catamarca,"25,11",25312.0,20,25332.0,25033,241,16,1,41,25332.0,"3,48",25130.0,,
2015,1,chaco,"26,65",81329.0,31,81360.0,54952,26161,164,27,56,81360.0,"4,9",81357.0,,
2015,1,chubut,"37,61",63327.0,1946,65273.0,45645,717,906,12540,5465,65273.0,"3,21",64262.0,,
2015,1,córdoba,"54,7",596663.0,294,596957.0,343883,247564,415,4645,450,596957.0,"4,3",597833.0,,
2015,1,corrientes,"28,95",81488.0,43,81531.0,54649,25372,129,1319,62,81531.0,"4,63",81484.0,,
2015,1,entre ríos,"42,07",165839.0,231,166070.0,112363,47411,108,5943,245,166070.0,"4,35",166418.0,,
2015,1,formosa,"18,12",26657.0,43,26700.0,21022,4951,1,670,56,26700.0,"3,38",26700.0,,
2015,1,jujuy,"19,69",36608.0,3,36611.0,31505,5048,22,0,36,36611.0,"3,24",36612.0,,
2015,1,la pampa,"55,51",62155.0,542,62697.0,13143,39571,3215,6164,604,62697.0,"2,83",59210.0,,
2015,1,la rioja,"16,7",16310.0,23,16333.0,16282,0,16,2,33,16333.0,"3,78",16334.0,,
2015,1,mendoza,"32,37",168355.0,1805,170160.0,152433,13030,2542,29,2126,170160.0,"3,5",170145.0,,
2015,1,misiones,"26,31",85139.0,7,85146.0,58262,26836,30,5,13,85146.0,"4,97",85150.0,,
2015,1,neuquén,"51,95",93373.0,2369,95742.0,47518,32152,1024,12088,2960,95742.0,"3,91",89574.0,,
2015,1,río negro,"45,33",96145.0,1188,97333.0,66274,25217,907,3473,1462,97333.0,"3,59",97227.0,,
2015,1,salta,"30,01",96793.0,18,96811.0,76280,19781,47,129,574,96811.0,"4,02",96810.0,,
2015,1,san juan,"27,55",51117.0,702,51819.0,48441,451,755,1165,1007,51819.0,"3,48",51801.0,,
2015,1,san luis,"9,72",12878.0,354,13232.0,11414,1025,351,30,412,13232.0,"3,5",12741.0,,
2015,1,santa cruz,"27,99",26217.0,424,26641.0,16215,2700,392,4772,2562,26641.0,"3,47",26282.0,,
2015,1,santa fe,"50,24",535640.0,797,536437.0,328809,199037,2845,4239,1507,536437.0,"4,06",536252.0,,
2015,1,santiago del estero,"17,06",39244.0,8,39252.0,33813,4365,19,1020,35,39252.0,"3,57",38617.0,,
2015,1,tierra del fuego,"74,23",32726.0,730,33456.0,22291,7924,657,1,2583,33456.0,"3,45",36944.0,,
2015,1,tucumán,"35,08",138184.0,92,138276.0,137857,115,116,88,100,138276.0,"4,07",138262.0,,
2014,4,buenos aires,"56,09",2801178.0,15229,2816407.0,1575978,1070135,120528,17728,32038,2816407.0,"4,2",2705954.0,,
2014,4,capital federal,"114,9",1318526.0,11994,1330520.0,455785,840224,17155,1962,15394,1330520.0,"4,78",1331972.0,,
2014,4,catamarca,"25,51",25472.0,21,25493.0,25192,241,16,0,44,25493.0,"3,34",25493.0,,
2014,4,chaco,"21,87",65998.0,37,66035.0,55024,10918,31,0,62,66035.0,"3,98",66060.0,,
2014,4,chubut,"40,25",66557.0,1985,68542.0,48539,697,891,12256,6159,68542.0,"3,17",68538.0,,
2014,4,córdoba,"54,7",590113.0,319,590432.0,345157,240452,419,3918,486,590432.0,"4,09",589873.0,,
2014,4,corrientes,"23,56",65656.0,54,65710.0,54754,9526,40,1315,75,65710.0,"3,81",65710.0,,
2014,4,entre ríos,"36,03",140567.0,246,140813.0,112291,23027,57,5178,260,140813.0,"3,8",140730.0,,
2014,4,formosa,"17,96",26156.0,51,26207.0,21245,4896,1,0,65,26207.0,"3,02",26208.0,,
2014,4,jujuy,"19,6",35999.0,3,36002.0,31349,4583,22,37,11,36002.0,"3,13",35955.0,,
2014,4,la pampa,"51,27",56813.0,567,57380.0,16043,34281,514,5894,648,57380.0,"2,75",49710.0,,
2014,4,la rioja,"17,01",16379.0,23,16402.0,16352,0,17,0,33,16402.0,"3,58",16402.0,,
2014,4,mendoza,"32,64",167766.0,1848,169614.0,151797,13030,2534,31,2222,169614.0,"3,5",169611.0,,
2014,4,misiones,"24,16",77222.0,7,77229.0,58435,18613,16,150,15,77229.0,"4,03",77229.0,,
2014,4,neuquén,"52,55",92999.0,2397,95396.0,47721,31778,1014,11853,3030,95396.0,"3,85",89228.0,,
2014,4,río negro,"45,48",95050.0,1210,96260.0,66307,23703,901,3819,1530,96260.0,"3,54",95904.0,,
2014,4,salta,"29,53",93921.0,26,93947.0,76026,17289,48,6,578,93947.0,"3,86",93967.0,,
2014,4,san juan,"28,04",51390.0,729,52119.0,48653,451,740,1202,1073,52119.0,"3,48",52119.0,,
2014,4,san luis,"9,79",12788.0,359,13147.0,11419,926,355,24,423,13147.0,"3,5",13147.0,,
2014,4,santa cruz,"27,8",25277.0,436,25713.0,17553,448,388,4395,2929,25713.0,"3,33",25703.0,,
2014,4,santa fe,"50,0",528459.0,938,529397.0,335267,183009,3205,6282,1634,529397.0,"3,78",527471.0,,
2014,4,santiago del estero,"17,27",39308.0,9,39317.0,34110,4231,19,920,37,39317.0,"3,46",39301.0,,
2014,4,tierra del fuego,"66,14",28249.0,741,28990.0,21948,3664,655,1,2722,28990.0,"3,47",31786.0,,
2014,4,tucumán,"35,32",137329.0,95,137424.0,137093,97,116,13,105,137424.0,"3,86",137414.0,,
2014,3,buenos aires,"56,75",2835537.0,14028,2849565.0,1562533,1110628,124474,20049,31881,2849565.0,"3,97",2647181.0,,
2014,3,capital federal,"113,8",1307195.0,10630,1317825.0,450155,833402,17886,1995,14387,1317825.0,"4,44",1318799.0,,
2014,3,catamarca,"24,71",24665.0,21,24686.0,24380,244,15,0,47,24686.0,"2,92",24680.0,,
2014,3,chaco,"21,11",63710.0,36,63746.0,53321,10336,29,1,59,63746.0,"3,46",63770.0,,
2014,3,chubut,"40,6",67130.0,2007,69137.0,49219,668,882,11853,6515,69137.0,"3,17",69099.0,,
2014,3,córdoba,"54,23",585231.0,200,585431.0,340212,240334,444,4064,377,585431.0,"3,66",583972.0,,
2014,3,corrientes,"22,79",63516.0,33,63549.0,52957,9184,31,1312,65,63549.0,"3,41",63539.0,,
2014,3,entre ríos,"34,98",136618.0,115,136733.0,108907,22440,48,5203,135,136733.0,"3,4",136796.0,,
2014,3,formosa,"17,77",25873.0,64,25937.0,21021,4836,0,0,80,25937.0,"2,66",25935.0,,
2014,3,jujuy,"18,37",33739.0,2,33741.0,30128,3541,22,37,13,33741.0,"2,93",33709.0,,
2014,3,la pampa,"55,78",61861.0,564,62425.0,16051,33940,538,11219,677,62425.0,"2,82",54155.0,,
2014,3,la rioja,"16,51",15893.0,23,15916.0,15864,0,14,1,37,15916.0,"3,1",15913.0,,
2014,3,mendoza,"32,31",166184.0,1740,167924.0,150120,13030,2512,40,2222,167924.0,"3,5",167855.0,,
2014,3,misiones,"23,57",75327.0,- 0,75327.0,56933,18373,4,3,14,75327.0,"3,58",75322.0,,
2014,3,neuquén,"56,4",100099.0,2268,102367.0,54458,30964,1000,12858,3087,102367.0,"3,74",87720.0,,
2014,3,río negro,"46,2",96629.0,1151,97780.0,65264,26590,888,3533,1505,97780.0,"3,48",97745.0,,
2014,3,salta,"29,22",92929.0,25,92954.0,73828,18394,43,109,580,92954.0,"3,41",92941.0,,
2014,3,san juan,"27,85",51031.0,748,51779.0,48272,451,731,1199,1126,51779.0,"3,47",51771.0,,
2014,3,san luis,"9,71",12683.0,363,13046.0,11303,925,355,25,438,13046.0,"3,5",13040.0,,
2014,3,santa cruz,"28,23",25664.0,446,26110.0,17862,492,385,4273,3098,26110.0,"3,31",26069.0,,
2014,3,santa fe,"49,2",520196.0,691,520887.0,325577,183630,4407,6540,733,520887.0,"3,38",515368.0,,
2014,3,santiago del estero,"16,49",37539.0,9,37548.0,32820,3900,19,768,41,37548.0,"3,1",37540.0,,
2014,3,tierra del fuego,"65,69",28037.0,755,28792.0,21840,3469,650,1,2832,28792.0,"3,47",32698.0,,
2014,3,tucumán,"33,94",131978.0,88,132066.0,131739,97,117,13,100,132066.0,"3,35",132054.0,,
2014,2,buenos aires,"55,06",2750430.0,14116,2764546.0,1568881,1025490,120008,17020,33147,2764546.0,"3,85",2659316.0,,
2014,2,capital federal,"113,14",1299502.0,10713,1310215.0,447637,828411,17729,1883,14555,1310215.0,"4,25",1310340.0,,
2014,2,catamarca,"24,7",24660.0,23,24683.0,24380,243,17,0,43,24683.0,"2,92",24683.0,,
2014,2,chaco,"20,96",63243.0,36,63279.0,53321,9870,30,0,58,63279.0,"3,42",63304.0,,
2014,2,chubut,"41,41",68503.0,2016,70519.0,51070,649,866,10960,6974,70519.0,"3,16",70514.0,,
2014,2,córdoba,"53,45",576747.0,205,576952.0,337825,234729,351,3673,374,576952.0,"3,56",577464.0,,
2014,2,corrientes,"22,58",62925.0,33,62958.0,52883,8680,31,1309,55,62958.0,"3,37",62957.0,,
2014,2,entre ríos,"34,69",135468.0,115,135583.0,108900,21706,49,4795,133,135583.0,"3,31",135495.0,,
2014,2,formosa,"17,54",25535.0,65,25600.0,20894,4628,0,0,78,25600.0,"2,65",25600.0,,
2014,2,jujuy,"18,71",34359.0,2,34361.0,30128,4161,23,40,9,34361.0,"2,77",34344.0,,
2014,2,la pampa,"49,71",55048.0,580,55628.0,15957,32600,513,5869,689,55628.0,"2,68",47919.0,,
2014,2,la rioja,"16,5",15889.0,23,15912.0,15864,0,14,0,34,15912.0,"3,1",15912.0,,
2014,2,mendoza,"32,1",165046.0,1761,166807.0,148979,13030,2480,36,2282,166807.0,"3,5",166807.0,,
2014,2,misiones,"23,37",74689.0,- 0,74689.0,56933,17594,4,150,8,74689.0,"3,54",74689.0,,
2014,2,neuquén,"50,84",90053.0,2235,92288.0,47767,29776,997,10765,2983,92288.0,"3,66",86237.0,,
2014,2,río negro,"45,33",94812.0,1145,95957.0,64920,24944,876,3657,1560,95957.0,"3,43",95610.0,,
2014,2,salta,"28,91",91949.0,25,91974.0,73841,17504,45,7,577,91974.0,"3,39",91992.0,,
2014,2,san juan,"27,78",50891.0,755,51646.0,48161,451,722,1139,1173,51646.0,"3,47",51646.0,,
2014,2,san luis,"9,72",12691.0,364,13055.0,11306,925,354,22,448,13055.0,"3,5",13055.0,,
2014,2,santa cruz,"29,38",26710.0,459,27169.0,18956,448,381,4118,3266,27169.0,"3,32",27166.0,,
2014,2,santa fe,"48,39",511753.0,605,512358.0,324101,178495,3085,6041,636,512358.0,"3,31",512094.0,,
2014,2,santiago del estero,"16,7",38002.0,9,38011.0,32820,4231,19,907,34,38011.0,"3,07",37996.0,,
2014,2,tierra del fuego,"64,36",27443.0,766,28209.0,21618,3008,648,1,2934,28209.0,"3,47",31546.0,,
2014,2,tucumán,"33,94",131981.0,88,132069.0,131740,97,121,13,98,132069.0,"3,35",132059.0,,
2014,1,buenos aires,"54,57",2725732.0,14144,2739876.0,1567685,1000879,120960,16528,33824,2739876.0,"3,73",2624542.0,,
2014,1,capital federal,"112,25",1289204.0,10714,1299918.0,445569,820161,17767,1866,14555,1299918.0,"4,02",1301081.0,,
2014,1,catamarca,"24,25",24209.0,23,24232.0,24126,46,17,0,43,24232.0,"2,8",24232.0,,
2014,1,chaco,"20,72",62520.0,36,62556.0,52971,9497,30,0,58,62556.0,"3,26",62546.0,,
2014,1,chubut,"41,24",68205.0,2016,70221.0,51066,539,866,10776,6974,70221.0,"3,18",68791.0,,
2014,1,córdoba,"52,52",566705.0,205,566910.0,336841,225769,347,3585,368,566910.0,"3,39",567453.0,,
2014,1,corrientes,"22,32",62203.0,33,62236.0,52565,8279,31,1306,55,62236.0,"3,22",62235.0,,
2014,1,entre ríos,"34,37",134216.0,115,134331.0,107883,21379,49,4887,133,134331.0,"3,17",134248.0,,
2014,1,formosa,"17,42",25335.0,87,25422.0,20774,4548,0,0,100,25422.0,"2,57",25422.0,,
2014,1,jujuy,"18,42",33825.0,2,33827.0,29765,4030,23,0,9,33827.0,"2,69",33803.0,,
2014,1,la pampa,"48,43",53601.0,592,54193.0,15826,31305,513,5848,701,54193.0,"2,65",46506.0,,
2014,1,la rioja,"16,29",15688.0,23,15711.0,15663,0,14,0,34,15711.0,"2,96",15711.0,,
2014,1,mendoza,"31,91",164084.0,1761,165845.0,148970,12076,2480,37,2282,165845.0,"3,5",166740.0,,
2014,1,misiones,"23,14",73950.0,- 0,73950.0,56597,17191,4,150,8,73950.0,"3,4",73954.0,,
2014,1,neuquén,"49,79",88077.0,2303,90380.0,47790,28161,997,10381,3051,90380.0,"3,55",83958.0,,
2014,1,río negro,"44,91",93909.0,1157,95066.0,64886,24156,876,3576,1572,95066.0,"3,35",94736.0,,
2014,1,salta,"28,7",91265.0,25,91290.0,73131,17538,45,8,568,91290.0,"3,3",91297.0,,
2014,1,san juan,"27,6",50543.0,755,51298.0,48161,434,722,808,1173,51298.0,"3,47",51589.0,,
2014,1,san luis,"9,35",12193.0,364,12557.0,11306,428,354,21,448,12557.0,"3,5",12557.0,,
2014,1,santa cruz,"28,94",26304.0,460,26764.0,18927,100,381,4092,3264,26764.0,"3,32",26760.0,,
2014,1,santa fe,"47,85",506000.0,612,506612.0,322662,174296,3059,5951,644,506612.0,"3,15",506013.0,,
2014,1,santiago del estero,"16,31",37124.0,9,37133.0,32567,3598,19,915,34,37133.0,"2,95",37113.0,,
2014,1,tierra del fuego,"63,97",27272.0,766,28038.0,21618,2837,648,1,2934,28038.0,"3,45",31527.0,,
2014,1,tucumán,"33,42",129944.0,88,130032.0,129717,83,121,13,98,130032.0,"3,21",130032.0,,
0,0,0,,,,,0,0,0,0,0,0.0,,,0.0,0.0
